username,profile_uri,comment_date,hotel_name
brooke,https://www.tripadvisor.com.tw/Profile/brookeggbb,8月10日,路境行旅 (中正區)Finders Hotel
橘子妮,https://www.tripadvisor.com.tw/Profile/Orange0630,8月4日,路境行旅 (中正區)Finders Hotel
Ting,https://www.tripadvisor.com.tw/Profile/Hjadey,8月1日,路境行旅 (中正區)Finders Hotel
Melody,https://www.tripadvisor.com.tw/Profile/Wuchij,2019年7月,路境行旅 (中正區)Finders Hotel
jotsw,https://www.tripadvisor.com.tw/Profile/yrhhi,2019年7月,路境行旅 (中正區)Finders Hotel
Niwei,https://www.tripadvisor.com.tw/Profile/Niniwei06190120,8月6日,老爺會館台北林森 (中山區)Royal Inn Taipei Linsen
lovedollygirl,https://www.tripadvisor.com.tw/Profile/lovedollygirl,2019年7月,老爺會館台北林森 (中山區)Royal Inn Taipei Linsen
Jet02349198087,https://www.tripadvisor.com.tw/Profile/Jet02349198087,2019年6月,老爺會館台北林森 (中山區)Royal Inn Taipei Linsen
Navigate65868043260,https://www.tripadvisor.com.tw/Profile/Navigate65868043260,2019年5月,老爺會館台北林森 (中山區)Royal Inn Taipei Linsen
Fearless65257743958,https://www.tripadvisor.com.tw/Profile/Fearless65257743958,2019年5月,老爺會館台北林森 (中山區)Royal Inn Taipei Linsen
taipeilover2019,https://www.tripadvisor.com.tw/Profile/taipeilover2019,昨天,悠逸商旅 (士林)UiNN Business Hotel
Wayne Kelso,https://www.tripadvisor.com.tw/Profile/WayneKelso,2019年7月,悠逸商旅 (士林)UiNN Business Hotel
Jiawei_Lin,https://www.tripadvisor.com.tw/Profile/Jiawei_Lin,2019年5月,悠逸商旅 (士林)UiNN Business Hotel
Shan0991,https://www.tripadvisor.com.tw/Profile/Shan0991,2019年5月,悠逸商旅 (士林)UiNN Business Hotel
Lily Pan,https://www.tripadvisor.com.tw/Profile/lily0818,2019年4月,悠逸商旅 (士林)UiNN Business Hotel
Jenny Pek,https://www.tripadvisor.com.tw/Profile/jennyp574,2019年6月,薆悅酒店 (萬華)Inhouse Hotel Heritage
Christineyu63,https://www.tripadvisor.com.tw/Profile/Christineyu63,2019年5月,薆悅酒店 (萬華)Inhouse Hotel Heritage
Sabrina Swee,https://www.tripadvisor.com.tw/Profile/sabrinaswee,2019年5月,薆悅酒店 (萬華)Inhouse Hotel Heritage
Ritzykito,https://www.tripadvisor.com.tw/Profile/ritzykito,2019年4月,薆悅酒店 (萬華)Inhouse Hotel Heritage
shan_xd,https://www.tripadvisor.com.tw/Profile/shan_xd,2019年3月,薆悅酒店 (萬華)Inhouse Hotel Heritage
Julian Shih,https://www.tripadvisor.com.tw/Profile/ogami0622,2019年7月,倆人旅店 (北投)Hotel DOUBLE ONE
afafe,https://www.tripadvisor.com.tw/Profile/afafe0322,2019年7月,倆人旅店 (北投)Hotel DOUBLE ONE
Peter,https://www.tripadvisor.com.tw/Profile/Dreamer801682,2019年7月,倆人旅店 (北投)Hotel DOUBLE ONE
Priscilla C,https://www.tripadvisor.com.tw/Profile/prischua,2019年6月,倆人旅店 (北投)Hotel DOUBLE ONE
EnzoJoseph,https://www.tripadvisor.com.tw/Profile/EnzoJoseph,2019年5月,倆人旅店 (北投)Hotel DOUBLE ONE
Joyce,https://www.tripadvisor.com.tw/Profile/Joyce8128,8月11日,台北松山意舍酒店 (南港)amba Taipei Songshan
88enjoytravel,https://www.tripadvisor.com.tw/Profile/88enjoytravel,8月9日,台北松山意舍酒店 (南港)amba Taipei Songshan
liketravel,https://www.tripadvisor.com.tw/Profile/like_travel2009,8月9日,台北松山意舍酒店 (南港)amba Taipei Songshan
Colin1023,https://www.tripadvisor.com.tw/Profile/Colin1023,8月2日,台北松山意舍酒店 (南港)amba Taipei Songshan
Pui Kei,https://www.tripadvisor.com.tw/Profile/puikei2019,8月1日,台北松山意舍酒店 (南港)amba Taipei Songshan
David,https://www.tripadvisor.com.tw/Profile/dartnelljones,2019年6月,兄弟大飯店 (松山)Brother Hotel Taipei
Mary,https://www.tripadvisor.com.tw/Profile/marykuo,2019年5月,兄弟大飯店 (松山)Brother Hotel Taipei
Cometfist,https://www.tripadvisor.com.tw/Profile/Cometfist,2019年4月,兄弟大飯店 (松山)Brother Hotel Taipei
netcattw,https://www.tripadvisor.com.tw/Profile/netcattw,2019年4月,兄弟大飯店 (松山)Brother Hotel Taipei
簡爆屎,https://www.tripadvisor.com.tw/Profile/Getaway727845,2019年3月,兄弟大飯店 (松山)Brother Hotel Taipei
dyliz,https://www.tripadvisor.com.tw/Profile/dyliz,2019年5月,台北馥敦-馥寓 (松山)Taipei Fullerton Hotel-Maison North
rodney,https://www.tripadvisor.com.tw/Profile/rodneyn982,2019年4月,台北馥敦-馥寓 (松山)Taipei Fullerton Hotel-Maison North
Satoshi C,https://www.tripadvisor.com.tw/Profile/sat0shic,2019年4月,台北馥敦-馥寓 (松山)Taipei Fullerton Hotel-Maison North
WWKwan,https://www.tripadvisor.com.tw/Profile/WWKwan,2019年3月,台北馥敦-馥寓 (松山)Taipei Fullerton Hotel-Maison North
Modesta R,https://www.tripadvisor.com.tw/Profile/modestar739,2019年3月,台北馥敦-馥寓 (松山)Taipei Fullerton Hotel-Maison North
住客2015,https://www.tripadvisor.com.tw/Profile/Wander807355,2019年7月,信星旅馆 - 台北車站 (大同)Star Hostel - Taipei Main Station
拉拉 陳,https://www.tripadvisor.com.tw/Profile/_X9816YC,2019年6月,信星旅馆 - 台北車站 (大同)Star Hostel - Taipei Main Station
Icononow,https://www.tripadvisor.com.tw/Profile/Icononow,2019年5月,信星旅馆 - 台北車站 (大同)Star Hostel - Taipei Main Station
PLkaka,https://www.tripadvisor.com.tw/Profile/PLkaka,2019年5月,信星旅馆 - 台北車站 (大同)Star Hostel - Taipei Main Station
PrincessCha,https://www.tripadvisor.com.tw/Profile/Princesschariza,2019年5月,信星旅馆 - 台北車站 (大同)Star Hostel - Taipei Main Station
秋魚魚,https://www.tripadvisor.com.tw/Profile/TravellerCY45,8月9日,台北王朝大酒店 (松山)Sunworld Dynasty Hotel Taipei
Heidi Y,https://www.tripadvisor.com.tw/Profile/DophinY,8月6日,台北王朝大酒店 (松山)Sunworld Dynasty Hotel Taipei
Line lele,https://www.tripadvisor.com.tw/Profile/Line0233,2019年7月,台北王朝大酒店 (松山)Sunworld Dynasty Hotel Taipei
妤妤妤,https://www.tripadvisor.com.tw/Profile/EJL1005,2019年7月,台北王朝大酒店 (松山)Sunworld Dynasty Hotel Taipei
Zhan Leo,https://www.tripadvisor.com.tw/Profile/abcd33456,2019年7月,台北王朝大酒店 (松山)Sunworld Dynasty Hotel Taipei
Wendy,https://www.tripadvisor.com.tw/Profile/Qsc753963,2019年7月,天成文旅-華山町 (中正區)Hua Shan Din by Cosmos Creation
cs821qq,https://www.tripadvisor.com.tw/Profile/cs821qq,2019年7月,天成文旅-華山町 (中正區)Hua Shan Din by Cosmos Creation
endy,https://www.tripadvisor.com.tw/Profile/endytam90,2019年6月,天成文旅-華山町 (中正區)Hua Shan Din by Cosmos Creation
MonaYMWang,https://www.tripadvisor.com.tw/Profile/MonaYMWang,2019年6月,天成文旅-華山町 (中正區)Hua Shan Din by Cosmos Creation
gloriakanws,https://www.tripadvisor.com.tw/Profile/gloriakanws,2019年5月,天成文旅-華山町 (中正區)Hua Shan Din by Cosmos Creation
Jay,https://www.tripadvisor.com.tw/Profile/jay97997,2019年7月,台北西門町意舍 (萬華)amba Taipei Ximending
Sara,https://www.tripadvisor.com.tw/Profile/Sarathecorer,2019年7月,台北西門町意舍 (萬華)amba Taipei Ximending
Leo C,https://www.tripadvisor.com.tw/Profile/LeoC1118,2019年7月,台北西門町意舍 (萬華)amba Taipei Ximending
Alwaystravel,https://www.tripadvisor.com.tw/Profile/Alwaystravellingau,2019年6月,台北西門町意舍 (萬華)amba Taipei Ximending
janet0wong,https://www.tripadvisor.com.tw/Profile/janet0wong,2019年6月,台北西門町意舍 (萬華)amba Taipei Ximending
Vanessa,https://www.tripadvisor.com.tw/Profile/Vanessa0220,8月5日,老爺會館台北南西- 捷運中山站 (中山區)Royal Inn Taipei Nanxi - MRT Zhongshan Station
harshalshah1972,https://www.tripadvisor.com.tw/Profile/harshalshah1972,2019年7月,老爺會館台北南西- 捷運中山站 (中山區)Royal Inn Taipei Nanxi - MRT Zhongshan Station
DSLRVVM,https://www.tripadvisor.com.tw/Profile/DSLRVVM,2019年7月,老爺會館台北南西- 捷運中山站 (中山區)Royal Inn Taipei Nanxi - MRT Zhongshan Station
74freddiey,https://www.tripadvisor.com.tw/Profile/74freddiey,2019年7月,老爺會館台北南西- 捷運中山站 (中山區)Royal Inn Taipei Nanxi - MRT Zhongshan Station
貝拉拉,https://www.tripadvisor.com.tw/Profile/bellala100,2019年7月,老爺會館台北南西- 捷運中山站 (中山區)Royal Inn Taipei Nanxi - MRT Zhongshan Station
Michelle,https://www.tripadvisor.com.tw/Profile/sykakaka,8月6日,喜瑞飯店 (中山區)Ambience Hotel
Chun T,https://www.tripadvisor.com.tw/Profile/chunt2019,2019年7月,喜瑞飯店 (中山區)Ambience Hotel
Pan,https://www.tripadvisor.com.tw/Profile/cheer1991777,2019年7月,喜瑞飯店 (中山區)Ambience Hotel
Kate,https://www.tripadvisor.com.tw/Profile/mabinogi1110,2019年7月,喜瑞飯店 (中山區)Ambience Hotel
Agnesh,https://www.tripadvisor.com.tw/Profile/ms0384798,2019年7月,喜瑞飯店 (中山區)Ambience Hotel
Felix N,https://www.tripadvisor.com.tw/Profile/Felix5,8月8日,台北中山意舍酒店 (中山區)amba Taipei Zhongshan
Gwegweguagua,https://www.tripadvisor.com.tw/Profile/Gwegweguagua,2019年7月,台北中山意舍酒店 (中山區)amba Taipei Zhongshan
Noelli Y,https://www.tripadvisor.com.tw/Profile/nsbyap,2019年7月,台北中山意舍酒店 (中山區)amba Taipei Zhongshan
~阿飄,https://www.tripadvisor.com.tw/Profile/k26782002,2019年7月,台北中山意舍酒店 (中山區)amba Taipei Zhongshan
dawi67,https://www.tripadvisor.com.tw/Profile/dawi67,2019年5月,台北中山意舍酒店 (中山區)amba Taipei Zhongshan
kwan,https://www.tripadvisor.com.tw/Profile/kwan0008,2019年7月,路徒行旅 (中正區)Roaders Hotel
Chuchu,https://www.tripadvisor.com.tw/Profile/Chuchuman0825,2019年7月,路徒行旅 (中正區)Roaders Hotel
Emily,https://www.tripadvisor.com.tw/Profile/emily626hk,2019年7月,路徒行旅 (中正區)Roaders Hotel
謦妤 李,https://www.tripadvisor.com.tw/Profile/Navigate413678,2019年7月,路徒行旅 (中正區)Roaders Hotel
意好 誠,https://www.tripadvisor.com.tw/Profile/Vacationer410204,2019年7月,路徒行旅 (中正區)Roaders Hotel
Roam591357,https://www.tripadvisor.com.tw/Profile/Roam591357,2019年7月,伸適商旅 (中山區)Hotel Sense
Yo L,https://www.tripadvisor.com.tw/Profile/YoL292,2019年5月,伸適商旅 (中山區)Hotel Sense
M*K,https://www.tripadvisor.com.tw/Profile/109mke,2019年5月,伸適商旅 (中山區)Hotel Sense
chi2md,https://www.tripadvisor.com.tw/Profile/chi2md,2019年1月,伸適商旅 (中山區)Hotel Sense
Alex3004,https://www.tripadvisor.com.tw/Profile/Alex3004,2018年6月,伸適商旅 (中山區)Hotel Sense
vincentc384,https://www.tripadvisor.com.tw/Profile/vincentc384,8月2日,喜來登大飯店 (中正區)Sheraton Grand Taipei Hotel
Krystalching,https://www.tripadvisor.com.tw/Profile/krystalching,2019年7月,喜來登大飯店 (中正區)Sheraton Grand Taipei Hotel
Steve K,https://www.tripadvisor.com.tw/Profile/B9045EXstevek,2019年7月,喜來登大飯店 (中正區)Sheraton Grand Taipei Hotel
TripAdvisor 會員,https://www.tripadvisor.com.tw,2019年6月,喜來登大飯店 (中正區)Sheraton Grand Taipei Hotel
wang2383,https://www.tripadvisor.com.tw/Profile/wang2383,2019年6月,喜來登大飯店 (中正區)Sheraton Grand Taipei Hotel
耀杰陳,https://www.tripadvisor.com.tw/Profile/Navigator809163,2019年7月,薆悅精品 (萬華)Inhouse Boutique
Adywong,https://www.tripadvisor.com.tw/Profile/Adywong,2019年5月,薆悅精品 (萬華)Inhouse Boutique
Chen T H,https://www.tripadvisor.com.tw/Profile/ChenH368,2019年3月,薆悅精品 (萬華)Inhouse Boutique
VikramRagunathan,https://www.tripadvisor.com.tw/Profile/VikramRagunathan,2018年11月,薆悅精品 (萬華)Inhouse Boutique
dolbydoldol999,https://www.tripadvisor.com.tw/Profile/dolbydoldol999,2018年7月,薆悅精品 (萬華)Inhouse Boutique
Monica C,https://www.tripadvisor.com.tw/Profile/MonicaC5583,8月9日,蜂巢旅店 (大同)Bee House - Taipei Station Branch
Apple GiL,https://www.tripadvisor.com.tw/Profile/AppleGiL,8月7日,蜂巢旅店 (大同)Bee House - Taipei Station Branch
英財 洪,https://www.tripadvisor.com.tw/Profile/TomHung1225,2019年7月,蜂巢旅店 (大同)Bee House - Taipei Station Branch
VLam,https://www.tripadvisor.com.tw/Profile/sklamv,2019年7月,蜂巢旅店 (大同)Bee House - Taipei Station Branch
Matissemover,https://www.tripadvisor.com.tw/Profile/Matissemover,2019年7月,蜂巢旅店 (大同)Bee House - Taipei Station Branch
Minco,https://www.tripadvisor.com.tw/Profile/Minco78,昨天,優美飯店 (中山區)YoMi Hotel
kayee,https://www.tripadvisor.com.tw/Profile/kayee0316,8月8日,優美飯店 (中山區)YoMi Hotel
Loveen P,https://www.tripadvisor.com.tw/Profile/loveenp,8月1日,優美飯店 (中山區)YoMi Hotel
bohog.chiu,https://www.tripadvisor.com.tw/Profile/25631,2019年7月,優美飯店 (中山區)YoMi Hotel
Cera Cheng,https://www.tripadvisor.com.tw/Profile/CeraCheng,2019年7月,優美飯店 (中山區)YoMi Hotel
peichieh920,https://www.tripadvisor.com.tw/Profile/peichieh920,2019年7月,圓山大飯店 (中山區)Grand Hotel Taipei
lgmalice0403,https://www.tripadvisor.com.tw/Profile/lgmalice0403,2019年7月,圓山大飯店 (中山區)Grand Hotel Taipei
F.S.Taipei,https://www.tripadvisor.com.tw/Profile/FSTaipei,2019年6月,圓山大飯店 (中山區)Grand Hotel Taipei
NoCountryForOldMan,https://www.tripadvisor.com.tw/Profile/NoCountryForOldMan,2019年6月,圓山大飯店 (中山區)Grand Hotel Taipei
Wanderlust,https://www.tripadvisor.com.tw/Profile/852wanderlust,2019年6月,圓山大飯店 (中山區)Grand Hotel Taipei
hchwang,https://www.tripadvisor.com.tw/Profile/hchwang,8月1日,儷夏商旅 - 西門町西寧館 (萬華)Muzik Hotel - Ximending Xining Branch
江金莎,https://www.tripadvisor.com.tw/Profile/Resort809044,2019年7月,儷夏商旅 - 西門町西寧館 (萬華)Muzik Hotel - Ximending Xining Branch
Sjaazy,https://www.tripadvisor.com.tw/Profile/sjaazy,2019年7月,儷夏商旅 - 西門町西寧館 (萬華)Muzik Hotel - Ximending Xining Branch
slyssa,https://www.tripadvisor.com.tw/Profile/siu1117,2019年7月,儷夏商旅 - 西門町西寧館 (萬華)Muzik Hotel - Ximending Xining Branch
Florida C,https://www.tripadvisor.com.tw/Profile/floridac984,2019年6月,儷夏商旅 - 西門町西寧館 (萬華)Muzik Hotel - Ximending Xining Branch
bonnieng1122,https://www.tripadvisor.com.tw/Profile/bonnieng1122,8月11日,新驛旅店- 台北車站一館 (中正區)CityInn Hotel - Taipei Station Branch I
San San,https://www.tripadvisor.com.tw/Profile/209sansanl,8月6日,新驛旅店- 台北車站一館 (中正區)CityInn Hotel - Taipei Station Branch I
Burst A,https://www.tripadvisor.com.tw/Profile/bursta2015,2019年7月,新驛旅店- 台北車站一館 (中正區)CityInn Hotel - Taipei Station Branch I
Chloe,https://www.tripadvisor.com.tw/Profile/Tour603526,2019年7月,新驛旅店- 台北車站一館 (中正區)CityInn Hotel - Taipei Station Branch I
Ana,https://www.tripadvisor.com.tw/Profile/anakam104,2019年7月,新驛旅店- 台北車站一館 (中正區)CityInn Hotel - Taipei Station Branch I
Light,https://www.tripadvisor.com.tw/Profile/Lightsbaby,2019年6月,方舟旅店 - 長安復興 (中山區)Ark Hotel - Chang'an Fuxing
Wu L,https://www.tripadvisor.com.tw/Profile/123wul,2019年6月,方舟旅店 - 長安復興 (中山區)Ark Hotel - Chang'an Fuxing
Cometfist,https://www.tripadvisor.com.tw/Profile/Cometfist,2019年4月,方舟旅店 - 長安復興 (中山區)Ark Hotel - Chang'an Fuxing
designbyjun,https://www.tripadvisor.com.tw/Profile/designbyjun,2019年2月,方舟旅店 - 長安復興 (中山區)Ark Hotel - Chang'an Fuxing
Malaueh,https://www.tripadvisor.com.tw/Profile/Malaueh,2019年1月,方舟旅店 - 長安復興 (中山區)Ark Hotel - Chang'an Fuxing
Peter C,https://www.tripadvisor.com.tw/Profile/petercJ8588WD,昨天,台北天成大飯店 (中正區)Cosmos Hotel Taipei
rickliu6024,https://www.tripadvisor.com.tw/Profile/rickliu6024,2019年7月,台北天成大飯店 (中正區)Cosmos Hotel Taipei
eeLB2015,https://www.tripadvisor.com.tw/Profile/eeLB2015,2019年7月,台北天成大飯店 (中正區)Cosmos Hotel Taipei
MrxandMrsx,https://www.tripadvisor.com.tw/Profile/MrxandMrsx,2019年7月,台北天成大飯店 (中正區)Cosmos Hotel Taipei
空灵画师,https://www.tripadvisor.com.tw/Profile/konglinghuashi,2019年7月,台北天成大飯店 (中正區)Cosmos Hotel Taipei
Elaine,https://www.tripadvisor.com.tw/Profile/elaine0701,8月1日,洛碁大飯店忠孝館 (大安)Green World Hotel - Zhongxiao
effiejia,https://www.tripadvisor.com.tw/Profile/effiejia,2019年6月,洛碁大飯店忠孝館 (大安)Green World Hotel - Zhongxiao
Travel German,https://www.tripadvisor.com.tw/Profile/travelgerman2019,2019年5月,洛碁大飯店忠孝館 (大安)Green World Hotel - Zhongxiao
Tommo,https://www.tripadvisor.com.tw/Profile/2mentone,2019年5月,洛碁大飯店忠孝館 (大安)Green World Hotel - Zhongxiao
Yo L,https://www.tripadvisor.com.tw/Profile/YoL292,2019年5月,洛碁大飯店忠孝館 (大安)Green World Hotel - Zhongxiao
145,https://www.tripadvisor.com.tw/Profile/54145,2019年7月,雀客旅館 (中山區)CHECK inn Taipei
17小姐吳,https://www.tripadvisor.com.tw/Profile/Global807702,2019年7月,雀客旅館 (中山區)CHECK inn Taipei
ashley7911,https://www.tripadvisor.com.tw/Profile/ashley7911,2019年7月,雀客旅館 (中山區)CHECK inn Taipei
Traveler13231777232,https://www.tripadvisor.com.tw/Profile/Traveler13231777232,2019年7月,雀客旅館 (中山區)CHECK inn Taipei
May,https://www.tripadvisor.com.tw/Profile/lmhyssyz,2019年7月,雀客旅館 (中山區)CHECK inn Taipei
TripAdvisor 會員,https://www.tripadvisor.com.tw,8月8日,儷客旅店 - 台北車站館 (中正區)Click Hotel - Taipei Main Station Branch
Chi Keung S,https://www.tripadvisor.com.tw/Profile/ChiKeungS5,8月7日,儷客旅店 - 台北車站館 (中正區)Click Hotel - Taipei Main Station Branch
Alvinyan1023,https://www.tripadvisor.com.tw/Profile/alvinyan1023,2019年7月,儷客旅店 - 台北車站館 (中正區)Click Hotel - Taipei Main Station Branch
hihi1212yeahyeah,https://www.tripadvisor.com.tw/Profile/hihi1212yeahyeah,2019年7月,儷客旅店 - 台北車站館 (中正區)Click Hotel - Taipei Main Station Branch
middamy,https://www.tripadvisor.com.tw/Profile/middamy,2019年7月,儷客旅店 - 台北車站館 (中正區)Click Hotel - Taipei Main Station Branch
Worldtravel-Derek,https://www.tripadvisor.com.tw/Profile/Worldtravel-Derek,2019年7月,亞都麗緻大飯店 (中山區)The Landis Taipei
Garfieldnk,https://www.tripadvisor.com.tw/Profile/Garfieldnk,2019年6月,亞都麗緻大飯店 (中山區)The Landis Taipei
Allen L,https://www.tripadvisor.com.tw/Profile/Allen_to_Shanghai,2019年6月,亞都麗緻大飯店 (中山區)The Landis Taipei
佩敏 陳,https://www.tripadvisor.com.tw/Profile/Explore774855,2019年6月,亞都麗緻大飯店 (中山區)The Landis Taipei
商務飯店卻網路龜速,https://www.tripadvisor.com.tw/Profile/Stay806018,2019年5月,亞都麗緻大飯店 (中山區)The Landis Taipei
Lau CH,https://www.tripadvisor.com.tw/Profile/881lauch,2019年4月,皇家季節酒店台北南西館Royal Seasons Hotel Taipei Nanjing West
Stephanie A,https://www.tripadvisor.com.tw/Profile/StephanieA3388,2019年4月,皇家季節酒店台北南西館Royal Seasons Hotel Taipei Nanjing West
Faraday Shiu,https://www.tripadvisor.com.tw/Profile/FaradayShiu,2019年3月,皇家季節酒店台北南西館Royal Seasons Hotel Taipei Nanjing West
prussia1,https://www.tripadvisor.com.tw/Profile/prussia1,2019年3月,皇家季節酒店台北南西館Royal Seasons Hotel Taipei Nanjing West
TanPris,https://www.tripadvisor.com.tw/Profile/TanPris,2019年2月,皇家季節酒店台北南西館Royal Seasons Hotel Taipei Nanjing West
Simon C,https://www.tripadvisor.com.tw/Profile/183simonc,2019年6月,松哖酒店 (大安)Sonnien Hotel
YLIMNELL,https://www.tripadvisor.com.tw/Profile/YLIMNELL,2019年5月,松哖酒店 (大安)Sonnien Hotel
Kevin Ng,https://www.tripadvisor.com.tw/Profile/361kevinn,2019年5月,松哖酒店 (大安)Sonnien Hotel
Kapo W,https://www.tripadvisor.com.tw/Profile/kapo012,2019年4月,松哖酒店 (大安)Sonnien Hotel
　xum1,https://www.tripadvisor.com.tw/Profile/xum111,2019年4月,松哖酒店 (大安)Sonnien Hotel
lookingaroundfornow,https://www.tripadvisor.com.tw/Profile/lookingaroundfornow,2019年4月,台北商旅大安館Les Suites Taipei Da-An
yoyo0130,https://www.tripadvisor.com.tw/Profile/yoyo0130,2019年3月,台北商旅大安館Les Suites Taipei Da-An
Jack,https://www.tripadvisor.com.tw/Profile/j2610153899,2019年2月,台北商旅大安館Les Suites Taipei Da-An
Brian F,https://www.tripadvisor.com.tw/Profile/S2942NYbrianf,2019年1月,台北商旅大安館Les Suites Taipei Da-An
DeniseYing,https://www.tripadvisor.com.tw/Profile/DeniseYing,2018年12月,台北商旅大安館Les Suites Taipei Da-An
江南有丹橘,https://www.tripadvisor.com.tw/Profile/SteppingOrange,8月4日,東吳大飯店 (大同)Dong Wu Hotel
AprilandMay,https://www.tripadvisor.com.tw/Profile/AprilandMay1986,2018年11月,東吳大飯店 (大同)Dong Wu Hotel
LiuYiChang,https://www.tripadvisor.com.tw/Profile/LiuYiChang,2018年10月,東吳大飯店 (大同)Dong Wu Hotel
제시지영,https://www.tripadvisor.com.tw/Profile/Escape810504,2018年9月,東吳大飯店 (大同)Dong Wu Hotel
HoHo2012,https://www.tripadvisor.com.tw/Profile/HoHo2012,2018年6月,東吳大飯店 (大同)Dong Wu Hotel
NS_恩斯,https://www.tripadvisor.com.tw/Profile/NS_HSU,2019年7月,台北北投雅樂軒酒店Aloft Taipei Beitou
Fanny C,https://www.tripadvisor.com.tw/Profile/threec39,2019年7月,台北北投雅樂軒酒店Aloft Taipei Beitou
Sheeplee1987,https://www.tripadvisor.com.tw/Profile/Sheeplee1987,2019年6月,台北北投雅樂軒酒店Aloft Taipei Beitou
Vivianne T,https://www.tripadvisor.com.tw/Profile/VivianneT,2019年5月,台北北投雅樂軒酒店Aloft Taipei Beitou
Wang M,https://www.tripadvisor.com.tw/Profile/WangM230,2019年5月,台北北投雅樂軒酒店Aloft Taipei Beitou
Larry Li,https://www.tripadvisor.com.tw/Profile/oksalemcreek,2019年6月,捷絲旅臺大尊賢館 (大安)Just Sleep @ NTU
嘉勵 洪,https://www.tripadvisor.com.tw/Profile/Culture398320,2019年3月,捷絲旅臺大尊賢館 (大安)Just Sleep @ NTU
JOJO8129,https://www.tripadvisor.com.tw/Profile/JOJO8129,2019年2月,捷絲旅臺大尊賢館 (大安)Just Sleep @ NTU
Nimrip,https://www.tripadvisor.com.tw/Profile/Nimrip,2019年1月,捷絲旅臺大尊賢館 (大安)Just Sleep @ NTU
concerned167,https://www.tripadvisor.com.tw/Profile/concerned167,2018年12月,捷絲旅臺大尊賢館 (大安)Just Sleep @ NTU
Liliana832081,https://www.tripadvisor.com.tw/Profile/Liliana832081,2019年7月,城市商旅南西館 (大同)City Suites Taipei Nanxi
Annie,https://www.tripadvisor.com.tw/Profile/Climber638710,2019年7月,城市商旅南西館 (大同)City Suites Taipei Nanxi
toasty24,https://www.tripadvisor.com.tw/Profile/toasty24,2019年5月,城市商旅南西館 (大同)City Suites Taipei Nanxi
Dom D,https://www.tripadvisor.com.tw/Profile/domd2018,2019年4月,城市商旅南西館 (大同)City Suites Taipei Nanxi
Toby H,https://www.tripadvisor.com.tw/Profile/tobyh940,2019年2月,城市商旅南西館 (大同)City Suites Taipei Nanxi
噹啃紅不嚷,https://www.tripadvisor.com.tw/Profile/Duncanwu,昨天,福泰桔子商務旅館 - 館前店 (中正區)Orange Hotel - Guanqian
Crystal L,https://www.tripadvisor.com.tw/Profile/579crystall,昨天,福泰桔子商務旅館 - 館前店 (中正區)Orange Hotel - Guanqian
uniandkuri,https://www.tripadvisor.com.tw/Profile/uniandkuri,2019年7月,福泰桔子商務旅館 - 館前店 (中正區)Orange Hotel - Guanqian
Ken,https://www.tripadvisor.com.tw/Profile/chan_kin_ip,2019年7月,福泰桔子商務旅館 - 館前店 (中正區)Orange Hotel - Guanqian
cindra,https://www.tripadvisor.com.tw/Profile/cindra65,2019年7月,福泰桔子商務旅館 - 館前店 (中正區)Orange Hotel - Guanqian
Carmen wong,https://www.tripadvisor.com.tw/Profile/781621,8月3日,丰居旅店雙連館 (中山區)Via Hotel Loft
熒火1984,https://www.tripadvisor.com.tw/Profile/ChrisLo1984,2019年7月,丰居旅店雙連館 (中山區)Via Hotel Loft
Afan_H,https://www.tripadvisor.com.tw/Profile/Afan_H,2019年7月,丰居旅店雙連館 (中山區)Via Hotel Loft
Jessic370,https://www.tripadvisor.com.tw/Profile/Jessic370,2019年7月,丰居旅店雙連館 (中山區)Via Hotel Loft
William Lau,https://www.tripadvisor.com.tw/Profile/WilliamKCLau,2019年7月,丰居旅店雙連館 (中山區)Via Hotel Loft
taipeilover2019,https://www.tripadvisor.com.tw/Profile/taipeilover2019,昨天,悠逸商旅 (士林)UiNN Business Hotel
Wayne Kelso,https://www.tripadvisor.com.tw/Profile/WayneKelso,2019年7月,悠逸商旅 (士林)UiNN Business Hotel
Jiawei_Lin,https://www.tripadvisor.com.tw/Profile/Jiawei_Lin,2019年5月,悠逸商旅 (士林)UiNN Business Hotel
Shan0991,https://www.tripadvisor.com.tw/Profile/Shan0991,2019年5月,悠逸商旅 (士林)UiNN Business Hotel
Lily Pan,https://www.tripadvisor.com.tw/Profile/lily0818,2019年4月,悠逸商旅 (士林)UiNN Business Hotel
Felix N,https://www.tripadvisor.com.tw/Profile/Felix5,8月8日,台北中山意舍酒店 (中山區)amba Taipei Zhongshan
Gwegweguagua,https://www.tripadvisor.com.tw/Profile/Gwegweguagua,2019年7月,台北中山意舍酒店 (中山區)amba Taipei Zhongshan
Noelli Y,https://www.tripadvisor.com.tw/Profile/nsbyap,2019年7月,台北中山意舍酒店 (中山區)amba Taipei Zhongshan
~阿飄,https://www.tripadvisor.com.tw/Profile/k26782002,2019年7月,台北中山意舍酒店 (中山區)amba Taipei Zhongshan
dawi67,https://www.tripadvisor.com.tw/Profile/dawi67,2019年5月,台北中山意舍酒店 (中山區)amba Taipei Zhongshan
kwan,https://www.tripadvisor.com.tw/Profile/kwan0008,2019年7月,路徒行旅 (中正區)Roaders Hotel
Chuchu,https://www.tripadvisor.com.tw/Profile/Chuchuman0825,2019年7月,路徒行旅 (中正區)Roaders Hotel
Emily,https://www.tripadvisor.com.tw/Profile/emily626hk,2019年7月,路徒行旅 (中正區)Roaders Hotel
謦妤 李,https://www.tripadvisor.com.tw/Profile/Navigate413678,2019年7月,路徒行旅 (中正區)Roaders Hotel
意好 誠,https://www.tripadvisor.com.tw/Profile/Vacationer410204,2019年7月,路徒行旅 (中正區)Roaders Hotel
Roam591357,https://www.tripadvisor.com.tw/Profile/Roam591357,2019年7月,伸適商旅 (中山區)Hotel Sense
Yo L,https://www.tripadvisor.com.tw/Profile/YoL292,2019年5月,伸適商旅 (中山區)Hotel Sense
M*K,https://www.tripadvisor.com.tw/Profile/109mke,2019年5月,伸適商旅 (中山區)Hotel Sense
chi2md,https://www.tripadvisor.com.tw/Profile/chi2md,2019年1月,伸適商旅 (中山區)Hotel Sense
Alex3004,https://www.tripadvisor.com.tw/Profile/Alex3004,2018年6月,伸適商旅 (中山區)Hotel Sense
vincentc384,https://www.tripadvisor.com.tw/Profile/vincentc384,8月2日,喜來登大飯店 (中正區)Sheraton Grand Taipei Hotel
Krystalching,https://www.tripadvisor.com.tw/Profile/krystalching,2019年7月,喜來登大飯店 (中正區)Sheraton Grand Taipei Hotel
Steve K,https://www.tripadvisor.com.tw/Profile/B9045EXstevek,2019年7月,喜來登大飯店 (中正區)Sheraton Grand Taipei Hotel
TripAdvisor 會員,https://www.tripadvisor.com.tw,2019年6月,喜來登大飯店 (中正區)Sheraton Grand Taipei Hotel
wang2383,https://www.tripadvisor.com.tw/Profile/wang2383,2019年6月,喜來登大飯店 (中正區)Sheraton Grand Taipei Hotel
Marco D,https://www.tripadvisor.com.tw/Profile/marcodT6123MQ,2019年5月,台北馥敦-復南館 (大安)Taipei Fullerton Hotel－South
Bonnie Chen,https://www.tripadvisor.com.tw/Profile/xBonnieChenx,2019年5月,台北馥敦-復南館 (大安)Taipei Fullerton Hotel－South
Tiffany SS C,https://www.tripadvisor.com.tw/Profile/TiffanySSC,2019年5月,台北馥敦-復南館 (大安)Taipei Fullerton Hotel－South
janson,https://www.tripadvisor.com.tw/Profile/Amiswu,2019年4月,台北馥敦-復南館 (大安)Taipei Fullerton Hotel－South
Patrick .W,https://www.tripadvisor.com.tw/Profile/Patrwan,2019年3月,台北馥敦-復南館 (大安)Taipei Fullerton Hotel－South
Shih-Ting Fang,https://www.tripadvisor.com.tw/Profile/sylvia0425,2019年6月,水美溫泉會館 (北投)SweetMe Hotspring Resort
SHAWN,https://www.tripadvisor.com.tw/Profile/Flyer733057,2019年3月,水美溫泉會館 (北投)SweetMe Hotspring Resort
子華陳,https://www.tripadvisor.com.tw/Profile/blabla_ball,2019年2月,水美溫泉會館 (北投)SweetMe Hotspring Resort
800nancy,https://www.tripadvisor.com.tw/Profile/800nancy,2019年2月,水美溫泉會館 (北投)SweetMe Hotspring Resort
鑽 石,https://www.tripadvisor.com.tw/Profile/atri0714,2019年2月,水美溫泉會館 (北投)SweetMe Hotspring Resort
Starry,https://www.tripadvisor.com.tw/Profile/evastarry,2019年4月,柯達大飯店台北二店 (中山區)K Hotel Taipei II
Michel,https://www.tripadvisor.com.tw/Profile/Mpfrederik,2018年11月,柯達大飯店台北二店 (中山區)K Hotel Taipei II
George M,https://www.tripadvisor.com.tw/Profile/georgemA14GE,2018年6月,柯達大飯店台北二店 (中山區)K Hotel Taipei II
shoywu,https://www.tripadvisor.com.tw/Profile/shoywu,2018年5月,柯達大飯店台北二店 (中山區)K Hotel Taipei II
LouisChou1127,https://www.tripadvisor.com.tw/Profile/LouisChou1127,2017年11月,柯達大飯店台北二店 (中山區)K Hotel Taipei II
plus720404,https://www.tripadvisor.com.tw/Profile/720404,2019年5月,台北愛行旅 (中山區)Hotel I Journey Taipei
bighead2015,https://www.tripadvisor.com.tw/Profile/bighead2015,2019年3月,台北愛行旅 (中山區)Hotel I Journey Taipei
酥酥蘇,https://www.tripadvisor.com.tw/Profile/DayTrip809119,2019年3月,台北愛行旅 (中山區)Hotel I Journey Taipei
wkng83,https://www.tripadvisor.com.tw/Profile/wkng83,2018年6月,台北愛行旅 (中山區)Hotel I Journey Taipei
Kathy C,https://www.tripadvisor.com.tw/Profile/kathycW8655QM,2018年3月,台北愛行旅 (中山區)Hotel I Journey Taipei
Lily Pan,https://www.tripadvisor.com.tw/Profile/lily0818,8月7日,星美休閒飯店 (士林)Beauty Hotels Taipei - Starbeauty Resort
樂仁 音,https://www.tripadvisor.com.tw/Profile/G8034JY_,2019年6月,星美休閒飯店 (士林)Beauty Hotels Taipei - Starbeauty Resort
grace454,https://www.tripadvisor.com.tw/Profile/grace454,2019年1月,星美休閒飯店 (士林)Beauty Hotels Taipei - Starbeauty Resort
典熹 謝,https://www.tripadvisor.com.tw/Profile/Storyteller812844,2018年9月,星美休閒飯店 (士林)Beauty Hotels Taipei - Starbeauty Resort
亞辰 蔣,https://www.tripadvisor.com.tw/Profile/Getaway812729,2018年9月,星美休閒飯店 (士林)Beauty Hotels Taipei - Starbeauty Resort
CPj,https://www.tripadvisor.com.tw/Profile/Cpj0726,8月11日,台北東旅 (松山)Hotel East Taipei
Patrick .W,https://www.tripadvisor.com.tw/Profile/Patrwan,2018年8月,台北東旅 (松山)Hotel East Taipei
YJ Baobay,https://www.tripadvisor.com.tw/Profile/Jossie1228,8月11日,台北東旅 (松山)Hotel East Taipei
Nancy,https://www.tripadvisor.com.tw/Profile/Nancy0904,8月11日,台北東旅 (松山)Hotel East Taipei
Ping,https://www.tripadvisor.com.tw/Profile/Ping0715,8月11日,台北東旅 (松山)Hotel East Taipei
irishsu01,https://www.tripadvisor.com.tw/Profile/irishsu01,2019年1月,中源大飯店 (大同)New Continental Hotel
Linsue C,https://www.tripadvisor.com.tw/Profile/ChiamingChen,2018年2月,中源大飯店 (大同)New Continental Hotel
helloamytoh,https://www.tripadvisor.com.tw/Profile/helloamytoh,2017年5月,中源大飯店 (大同)New Continental Hotel
Triumphanttrekker,https://www.tripadvisor.com.tw/Profile/Triumphanttrekker,2017年3月,中源大飯店 (大同)New Continental Hotel
Chi H,https://www.tripadvisor.com.tw/Profile/ChiH73,2017年2月,中源大飯店 (大同)New Continental Hotel
Wawa,https://www.tripadvisor.com.tw/Profile/wwawaa,8月8日,艾米旅店 (中山區)I'm Inn Taipei
耀杰陳,https://www.tripadvisor.com.tw/Profile/Navigator809163,2019年4月,艾米旅店 (中山區)I'm Inn Taipei
HenniTekki,https://www.tripadvisor.com.tw/Profile/HenniTekki,2019年1月,艾米旅店 (中山區)I'm Inn Taipei
Marlon W,https://www.tripadvisor.com.tw/Profile/wijm02,2018年8月,艾米旅店 (中山區)I'm Inn Taipei
小翊兒,https://www.tripadvisor.com.tw/Profile/Quest809502,2018年2月,艾米旅店 (中山區)I'm Inn Taipei
DD_leisure,https://www.tripadvisor.com.tw/Profile/DD_leisure,2019年7月,懷寧旅店 (中正區)Keymans Hotel
Charles Diu,https://www.tripadvisor.com.tw/Profile/627charlesd,2019年4月,懷寧旅店 (中正區)Keymans Hotel
Vvn C,https://www.tripadvisor.com.tw/Profile/vvnc2015,2018年10月,懷寧旅店 (中正區)Keymans Hotel
nana6789,https://www.tripadvisor.com.tw/Profile/nana6789,2018年10月,懷寧旅店 (中正區)Keymans Hotel
Tim & Tina_Y,https://www.tripadvisor.com.tw/Profile/Tim_Tina_Y,2018年8月,懷寧旅店 (中正區)Keymans Hotel
susansng,https://www.tripadvisor.com.tw/Profile/susansng,2019年5月,豪景大飯店 (萬華)Hotel Riverview Taipei
pcdog,https://www.tripadvisor.com.tw/Profile/pcdog,2019年5月,豪景大飯店 (萬華)Hotel Riverview Taipei
李昀修,https://www.tripadvisor.com.tw/Profile/yunxiu,2019年4月,豪景大飯店 (萬華)Hotel Riverview Taipei
waiemil,https://www.tripadvisor.com.tw/Profile/waiemil,2019年3月,豪景大飯店 (萬華)Hotel Riverview Taipei
Jamesng222,https://www.tripadvisor.com.tw/Profile/Jamesng222,2019年2月,豪景大飯店 (萬華)Hotel Riverview Taipei
Jose K,https://www.tripadvisor.com.tw/Profile/josek437,2016年12月,麗敦精緻旅店 (士林)Reedon Boutique Hotel
csyang c,https://www.tripadvisor.com.tw/Profile/csyangc,2016年10月,麗敦精緻旅店 (士林)Reedon Boutique Hotel
Cheryl_Hisokihisoka,https://www.tripadvisor.com.tw/Profile/Cheryl_Hisokihisoka,2016年8月,麗敦精緻旅店 (士林)Reedon Boutique Hotel
Bzh W,https://www.tripadvisor.com.tw/Profile/BzhW1,2016年6月,麗敦精緻旅店 (士林)Reedon Boutique Hotel
Christine K,https://www.tripadvisor.com.tw/Profile/christinekhor,2016年6月,麗敦精緻旅店 (士林)Reedon Boutique Hotel
路遙遙,https://www.tripadvisor.com.tw/Profile/BackPacker808472,8月1日,洛碁山水閣大飯店 (中山區)Green World Hotel Sansui
Wawa,https://www.tripadvisor.com.tw/Profile/wwawaa,2019年7月,洛碁山水閣大飯店 (中山區)Green World Hotel Sansui
cksbmaya,https://www.tripadvisor.com.tw/Profile/cksbmaya,2019年4月,洛碁山水閣大飯店 (中山區)Green World Hotel Sansui
GinniHuang,https://www.tripadvisor.com.tw/Profile/GinniHuang,2019年1月,洛碁山水閣大飯店 (中山區)Green World Hotel Sansui
Rcccc,https://www.tripadvisor.com.tw/Profile/Rcccc,2018年8月,洛碁山水閣大飯店 (中山區)Green World Hotel Sansui
iamche26,https://www.tripadvisor.com.tw/Profile/iamche26,2019年7月,旅晨行旅 (中正區)RE-Change Hotel
Barefoot_Journey,https://www.tripadvisor.com.tw/Profile/Noonie3008,2019年6月,旅晨行旅 (中正區)RE-Change Hotel
Michelle,https://www.tripadvisor.com.tw/Profile/michellepws,2019年5月,旅晨行旅 (中正區)RE-Change Hotel
Space Bear,https://www.tripadvisor.com.tw/Profile/spacebearchilling,2019年5月,旅晨行旅 (中正區)RE-Change Hotel
nataliemum,https://www.tripadvisor.com.tw/Profile/nataliemum,2019年2月,旅晨行旅 (中正區)RE-Change Hotel
Catherine Lee,https://www.tripadvisor.com.tw/Profile/CatherineL4280,8月9日,北投老爺酒店Hotel Royal Beitou
林育正,https://www.tripadvisor.com.tw/Profile/Coastal807227,8月7日,北投老爺酒店Hotel Royal Beitou
Jass,https://www.tripadvisor.com.tw/Profile/Jass5320,2019年7月,北投老爺酒店Hotel Royal Beitou
Annie Lay,https://www.tripadvisor.com.tw/Profile/AnnieLay,2019年7月,北投老爺酒店Hotel Royal Beitou
123,https://www.tripadvisor.com.tw/Profile/Kuolung888,2019年7月,北投老爺酒店Hotel Royal Beitou
KEVIN YANG,https://www.tripadvisor.com.tw/Profile/kevin930043,8月10日,台北萬豪酒店 (中山區)Taipei Marriott Hotel
Pulmbubble,https://www.tripadvisor.com.tw/Profile/sar77107,2019年7月,台北萬豪酒店 (中山區)Taipei Marriott Hotel
NancyC,https://www.tripadvisor.com.tw/Profile/Q1461FNnancyc,2019年7月,台北萬豪酒店 (中山區)Taipei Marriott Hotel
Hsiang-Yun C,https://www.tripadvisor.com.tw/Profile/Connector697024,2019年7月,台北萬豪酒店 (中山區)Taipei Marriott Hotel
F.S.Taipei,https://www.tripadvisor.com.tw/Profile/FSTaipei,2019年7月,台北萬豪酒店 (中山區)Taipei Marriott Hotel
kjc,https://www.tripadvisor.com.tw/Profile/yhn55566,8月10日,瘋台北青旅 (中正區)Fun Inn Taipei
lin,https://www.tripadvisor.com.tw/Profile/lin5460,8月10日,瘋台北青旅 (中正區)Fun Inn Taipei
Jason,https://www.tripadvisor.com.tw/Profile/rock09930,8月10日,瘋台北青旅 (中正區)Fun Inn Taipei
雅琴 廖,https://www.tripadvisor.com.tw/Profile/ntnuliao,2019年7月,瘋台北青旅 (中正區)Fun Inn Taipei
神奇的Black Jack,https://www.tripadvisor.com.tw/Profile/yenlin0702,2019年7月,瘋台北青旅 (中正區)Fun Inn Taipei
Lulu Wu,https://www.tripadvisor.com.tw/Profile/LuluW188,8月10日,台北美福大飯店 (中山區)Grand Mayfull Hotel Taipei
Steven,https://www.tripadvisor.com.tw/Profile/huahsiung66,8月10日,台北美福大飯店 (中山區)Grand Mayfull Hotel Taipei
S_Man,https://www.tripadvisor.com.tw/Profile/S_ManHK,8月9日,台北美福大飯店 (中山區)Grand Mayfull Hotel Taipei
Cherie Li,https://www.tripadvisor.com.tw/Profile/CheCheLi,8月9日,台北美福大飯店 (中山區)Grand Mayfull Hotel Taipei
Shawn,https://www.tripadvisor.com.tw/Profile/Dont_thimk,8月9日,台北美福大飯店 (中山區)Grand Mayfull Hotel Taipei
fionw161,https://www.tripadvisor.com.tw/Profile/fionw161,2019年7月,儷客旅店-西門町館 (萬華)Click Hotel - Ximending Branch
LUA31044,https://www.tripadvisor.com.tw/Profile/LUA31044,2019年7月,儷客旅店-西門町館 (萬華)Click Hotel - Ximending Branch
low913490,https://www.tripadvisor.com.tw/Profile/low913490,2019年7月,儷客旅店-西門町館 (萬華)Click Hotel - Ximending Branch
Forrest03,https://www.tripadvisor.com.tw/Profile/Forrest03,2019年7月,儷客旅店-西門町館 (萬華)Click Hotel - Ximending Branch
Tai,https://www.tripadvisor.com.tw/Profile/TaiJai0707,2019年7月,儷客旅店-西門町館 (萬華)Click Hotel - Ximending Branch
vincentc384,https://www.tripadvisor.com.tw/Profile/vincentc384,8月2日,喜來登大飯店 (中正區)Sheraton Grand Taipei Hotel
Krystalching,https://www.tripadvisor.com.tw/Profile/krystalching,2019年7月,喜來登大飯店 (中正區)Sheraton Grand Taipei Hotel
Steve K,https://www.tripadvisor.com.tw/Profile/B9045EXstevek,2019年7月,喜來登大飯店 (中正區)Sheraton Grand Taipei Hotel
TripAdvisor 會員,https://www.tripadvisor.com.tw,2019年6月,喜來登大飯店 (中正區)Sheraton Grand Taipei Hotel
wang2383,https://www.tripadvisor.com.tw/Profile/wang2383,2019年6月,喜來登大飯店 (中正區)Sheraton Grand Taipei Hotel
Meowstef,https://www.tripadvisor.com.tw/Profile/Meowstef,2019年6月,艾特文旅 (萬華)Art'otel Ximending Taipei
twinstar111,https://www.tripadvisor.com.tw/Profile/twinstar111,2019年6月,艾特文旅 (萬華)Art'otel Ximending Taipei
petitetraveller,https://www.tripadvisor.com.tw/Profile/petitetravellerr,2019年6月,艾特文旅 (萬華)Art'otel Ximending Taipei
ew0731,https://www.tripadvisor.com.tw/Profile/ew0731,2019年6月,艾特文旅 (萬華)Art'otel Ximending Taipei
Yan hui,https://www.tripadvisor.com.tw/Profile/Yanzlim,2019年5月,艾特文旅 (萬華)Art'otel Ximending Taipei
Niwei,https://www.tripadvisor.com.tw/Profile/Niniwei06190120,8月6日,老爺會館台北林森 (中山區)Royal Inn Taipei Linsen
lovedollygirl,https://www.tripadvisor.com.tw/Profile/lovedollygirl,2019年7月,老爺會館台北林森 (中山區)Royal Inn Taipei Linsen
Jet02349198087,https://www.tripadvisor.com.tw/Profile/Jet02349198087,2019年6月,老爺會館台北林森 (中山區)Royal Inn Taipei Linsen
Navigate65868043260,https://www.tripadvisor.com.tw/Profile/Navigate65868043260,2019年5月,老爺會館台北林森 (中山區)Royal Inn Taipei Linsen
Fearless65257743958,https://www.tripadvisor.com.tw/Profile/Fearless65257743958,2019年5月,老爺會館台北林森 (中山區)Royal Inn Taipei Linsen
Dawn,https://www.tripadvisor.com.tw/Profile/3qverymuch,2019年6月,西門窩 (萬華)Ximen WOW Hostel
laicora,https://www.tripadvisor.com.tw/Profile/laicora,2019年2月,西門窩 (萬華)Ximen WOW Hostel
馨誼 黃,https://www.tripadvisor.com.tw/Profile/Journey720724,2018年11月,西門窩 (萬華)Ximen WOW Hostel
小翊兒,https://www.tripadvisor.com.tw/Profile/Quest809502,2018年2月,西門窩 (萬華)Ximen WOW Hostel
西姬陳,https://www.tripadvisor.com.tw/Profile/gina0430,2018年2月,西門窩 (萬華)Ximen WOW Hostel
ashleywssze,https://www.tripadvisor.com.tw/Profile/ashleywssze,2019年6月,天玥泉會館 (北投)Beitou Hot Spring Resort (Tian Yue Quan)
Harry K,https://www.tripadvisor.com.tw/Profile/HarryK304,2019年5月,天玥泉會館 (北投)Beitou Hot Spring Resort (Tian Yue Quan)
J.W.,https://www.tripadvisor.com.tw/Profile/JW_CH08,2019年5月,天玥泉會館 (北投)Beitou Hot Spring Resort (Tian Yue Quan)
arashinoato,https://www.tripadvisor.com.tw/Profile/arashinoato,2019年5月,天玥泉會館 (北投)Beitou Hot Spring Resort (Tian Yue Quan)
chi3714,https://www.tripadvisor.com.tw/Profile/chi3714,2019年4月,天玥泉會館 (北投)Beitou Hot Spring Resort (Tian Yue Quan)
哈哈哈,https://www.tripadvisor.com.tw/Profile/ppp5718,2018年7月,富園國際商務飯店 (萬華)Rich Garden Hotel
Rebecca L,https://www.tripadvisor.com.tw/Profile/RebeccaL4040,2018年6月,富園國際商務飯店 (萬華)Rich Garden Hotel
kk2018kk,https://www.tripadvisor.com.tw/Profile/kk2018kk,2018年4月,富園國際商務飯店 (萬華)Rich Garden Hotel
academictourist,https://www.tripadvisor.com.tw/Profile/academictourist,2018年3月,富園國際商務飯店 (萬華)Rich Garden Hotel
梦达 杨,https://www.tripadvisor.com.tw/Profile/Explorer747768,2018年1月,富園國際商務飯店 (萬華)Rich Garden Hotel
Susu,https://www.tripadvisor.com.tw/Profile/Su_Susanna,8月7日,福泰桔子商務旅館 西門店 (萬華)Orange Hotel - Ximen Taipei
Cindy Liu,https://www.tripadvisor.com.tw/Profile/CindyLiu1,8月1日,福泰桔子商務旅館 西門店 (萬華)Orange Hotel - Ximen Taipei
bcheng,https://www.tripadvisor.com.tw/Profile/bcheng_hk,2019年7月,福泰桔子商務旅館 西門店 (萬華)Orange Hotel - Ximen Taipei
珞黎 王,https://www.tripadvisor.com.tw/Profile/Tourist457164,2019年7月,福泰桔子商務旅館 西門店 (萬華)Orange Hotel - Ximen Taipei
Peter Chang,https://www.tripadvisor.com.tw/Profile/Peter750905,2019年7月,福泰桔子商務旅館 西門店 (萬華)Orange Hotel - Ximen Taipei
江南有丹橘,https://www.tripadvisor.com.tw/Profile/SteppingOrange,8月4日,東吳大飯店 (大同)Dong Wu Hotel
AprilandMay,https://www.tripadvisor.com.tw/Profile/AprilandMay1986,2018年11月,東吳大飯店 (大同)Dong Wu Hotel
LiuYiChang,https://www.tripadvisor.com.tw/Profile/LiuYiChang,2018年10月,東吳大飯店 (大同)Dong Wu Hotel
제시지영,https://www.tripadvisor.com.tw/Profile/Escape810504,2018年9月,東吳大飯店 (大同)Dong Wu Hotel
HoHo2012,https://www.tripadvisor.com.tw/Profile/HoHo2012,2018年6月,東吳大飯店 (大同)Dong Wu Hotel
小俐凃,https://www.tripadvisor.com.tw/Profile/li770503,8月4日,大地清旅．旅店 (中山區)Horizon Inn
connollyrj20,https://www.tripadvisor.com.tw/Profile/connollyrj20,2019年5月,大地清旅．旅店 (中山區)Horizon Inn
Yvonne Chan,https://www.tripadvisor.com.tw/Profile/Yv0nn3chan,2019年4月,大地清旅．旅店 (中山區)Horizon Inn
Zaki Y,https://www.tripadvisor.com.tw/Profile/zakiy2013,2018年12月,大地清旅．旅店 (中山區)Horizon Inn
albert_lovetravel,https://www.tripadvisor.com.tw/Profile/albert_lovetravel,2018年12月,大地清旅．旅店 (中山區)Horizon Inn
peiliutw,https://www.tripadvisor.com.tw/Profile/peiliutw,8月11日,馥華商旅敦北館 (松山)Simple+ Hotel
KumonMa,https://www.tripadvisor.com.tw/Profile/KumonMa,2019年7月,馥華商旅敦北館 (松山)Simple+ Hotel
smilewesley,https://www.tripadvisor.com.tw/Profile/smilewesley,2019年7月,馥華商旅敦北館 (松山)Simple+ Hotel
18616363927,https://www.tripadvisor.com.tw/Profile/18616363927,2019年7月,馥華商旅敦北館 (松山)Simple+ Hotel
richard72319,https://www.tripadvisor.com.tw/Profile/richard72319,2019年7月,馥華商旅敦北館 (松山)Simple+ Hotel
Erica W,https://www.tripadvisor.com.tw/Profile/EricaW1239,2019年7月,日勝生加賀屋北投溫泉度假飯店Radium Kagaya International Hotel
Viset,https://www.tripadvisor.com.tw/Profile/Viset,2019年7月,日勝生加賀屋北投溫泉度假飯店Radium Kagaya International Hotel
我是旅行全世界房間服務觀察員評比測試員，馬來西亞華人,https://www.tripadvisor.com.tw/Profile/you565,2019年4月,日勝生加賀屋北投溫泉度假飯店Radium Kagaya International Hotel
Butchercarlos,https://www.tripadvisor.com.tw/Profile/Butchercarlos,2019年4月,日勝生加賀屋北投溫泉度假飯店Radium Kagaya International Hotel
92bbbb,https://www.tripadvisor.com.tw/Profile/92bbbb,2019年3月,日勝生加賀屋北投溫泉度假飯店Radium Kagaya International Hotel
lookingaroundfornow,https://www.tripadvisor.com.tw/Profile/lookingaroundfornow,2019年4月,台北商旅大安館Les Suites Taipei Da-An
yoyo0130,https://www.tripadvisor.com.tw/Profile/yoyo0130,2019年3月,台北商旅大安館Les Suites Taipei Da-An
Jack,https://www.tripadvisor.com.tw/Profile/j2610153899,2019年2月,台北商旅大安館Les Suites Taipei Da-An
Brian F,https://www.tripadvisor.com.tw/Profile/S2942NYbrianf,2019年1月,台北商旅大安館Les Suites Taipei Da-An
DeniseYing,https://www.tripadvisor.com.tw/Profile/DeniseYing,2018年12月,台北商旅大安館Les Suites Taipei Da-An
TripAdvisor 會員,https://www.tripadvisor.com.tw,8月8日,儷客旅店 - 台北車站館 (中正區)Click Hotel - Taipei Main Station Branch
Chi Keung S,https://www.tripadvisor.com.tw/Profile/ChiKeungS5,8月7日,儷客旅店 - 台北車站館 (中正區)Click Hotel - Taipei Main Station Branch
Alvinyan1023,https://www.tripadvisor.com.tw/Profile/alvinyan1023,2019年7月,儷客旅店 - 台北車站館 (中正區)Click Hotel - Taipei Main Station Branch
hihi1212yeahyeah,https://www.tripadvisor.com.tw/Profile/hihi1212yeahyeah,2019年7月,儷客旅店 - 台北車站館 (中正區)Click Hotel - Taipei Main Station Branch
middamy,https://www.tripadvisor.com.tw/Profile/middamy,2019年7月,儷客旅店 - 台北車站館 (中正區)Click Hotel - Taipei Main Station Branch
Samuel L,https://www.tripadvisor.com.tw/Profile/SamuelL3137,2019年7月,鉑泊客旅店 (中正區)Poshpacker Hotel
vmomo,https://www.tripadvisor.com.tw/Profile/vmomo,2019年4月,鉑泊客旅店 (中正區)Poshpacker Hotel
Cao Dũng,https://www.tripadvisor.com.tw/Profile/Caodzung,2019年3月,鉑泊客旅店 (中正區)Poshpacker Hotel
karenwky,https://www.tripadvisor.com.tw/Profile/karenwky,2019年3月,鉑泊客旅店 (中正區)Poshpacker Hotel
CLT,https://www.tripadvisor.com.tw/Profile/CLT121,2019年2月,鉑泊客旅店 (中正區)Poshpacker Hotel
Richard,https://www.tripadvisor.com.tw/Profile/richardtsang0519,2019年7月,町記憶旅店 (萬華)Cho Hotel
GloriaHYS,https://www.tripadvisor.com.tw/Profile/GloriaHYS,2019年6月,町記憶旅店 (萬華)Cho Hotel
HKcarcar,https://www.tripadvisor.com.tw/Profile/HKcarcar,2019年5月,町記憶旅店 (萬華)Cho Hotel
Clara C,https://www.tripadvisor.com.tw/Profile/claracL9717TA,2019年5月,町記憶旅店 (萬華)Cho Hotel
lamaimei,https://www.tripadvisor.com.tw/Profile/lamaimei,2019年5月,町記憶旅店 (萬華)Cho Hotel
88enjoytravel,https://www.tripadvisor.com.tw/Profile/88enjoytravel,8月9日,寒舍艾麗酒店 (信義區)Humble House Taipei
Ian L,https://www.tripadvisor.com.tw/Profile/IanL2431,2019年5月,寒舍艾麗酒店 (信義區)Humble House Taipei
Grace L,https://www.tripadvisor.com.tw/Profile/Gracelambaby,2019年5月,寒舍艾麗酒店 (信義區)Humble House Taipei
Carol,https://www.tripadvisor.com.tw/Profile/CarolChen1227,2019年5月,寒舍艾麗酒店 (信義區)Humble House Taipei
我是旅行全世界房間服務觀察員評比測試員，馬來西亞華人,https://www.tripadvisor.com.tw/Profile/you565,2019年4月,寒舍艾麗酒店 (信義區)Humble House Taipei
Chao Chun H,https://www.tripadvisor.com.tw/Profile/chaochunh,8月5日,Home Hotel 大安Home Hotel DaAn
WaiLee Cheung,https://www.tripadvisor.com.tw/Profile/WaiLee8,2019年7月,Home Hotel 大安Home Hotel DaAn
SunnyinSingapore,https://www.tripadvisor.com.tw/Profile/SunnyinSingapore,2019年7月,Home Hotel 大安Home Hotel DaAn
Chelsea K,https://www.tripadvisor.com.tw/Profile/chelseakang,2019年6月,Home Hotel 大安Home Hotel DaAn
Michael L,https://www.tripadvisor.com.tw/Profile/MJ8,2019年4月,Home Hotel 大安Home Hotel DaAn
kjc,https://www.tripadvisor.com.tw/Profile/yhn55566,8月10日,瘋台北青旅 (中正區)Fun Inn Taipei
lin,https://www.tripadvisor.com.tw/Profile/lin5460,8月10日,瘋台北青旅 (中正區)Fun Inn Taipei
Jason,https://www.tripadvisor.com.tw/Profile/rock09930,8月10日,瘋台北青旅 (中正區)Fun Inn Taipei
雅琴 廖,https://www.tripadvisor.com.tw/Profile/ntnuliao,2019年7月,瘋台北青旅 (中正區)Fun Inn Taipei
神奇的Black Jack,https://www.tripadvisor.com.tw/Profile/yenlin0702,2019年7月,瘋台北青旅 (中正區)Fun Inn Taipei
Alex3004,https://www.tripadvisor.com.tw/Profile/Alex3004,2019年7月,西華飯店 (松山)The Sherwood Taipei
paikang,https://www.tripadvisor.com.tw/Profile/paikangp,2019年7月,西華飯店 (松山)The Sherwood Taipei
davidu2219,https://www.tripadvisor.com.tw/Profile/davidu2219,2019年6月,西華飯店 (松山)The Sherwood Taipei
愛七桃,https://www.tripadvisor.com.tw/Profile/Compass809761,2019年5月,西華飯店 (松山)The Sherwood Taipei
lgmalice0403,https://www.tripadvisor.com.tw/Profile/lgmalice0403,2019年5月,西華飯店 (松山)The Sherwood Taipei
胡素惠,https://www.tripadvisor.com.tw/Profile/%E8%83%A1%E7%B4%A0%E6%83%A0,2019年7月,君品酒店 (大同)Palais de Chine Hotel
Krystalching,https://www.tripadvisor.com.tw/Profile/krystalching,2019年7月,君品酒店 (大同)Palais de Chine Hotel
chengyellowb,https://www.tripadvisor.com.tw/Profile/chengyellowb,2019年7月,君品酒店 (大同)Palais de Chine Hotel
Manlamweng,https://www.tripadvisor.com.tw/Profile/Manlamweng,2019年7月,君品酒店 (大同)Palais de Chine Hotel
Elaine,https://www.tripadvisor.com.tw/Profile/Elainesyu,2019年7月,君品酒店 (大同)Palais de Chine Hotel
Su chang,https://www.tripadvisor.com.tw/Profile/Sucmmm,8月8日,敘美行旅 (中正區)Beauty Hotels Taipei - Hotel B7 Journey
Mk_angela,https://www.tripadvisor.com.tw/Profile/mk_angela,8月5日,敘美行旅 (中正區)Beauty Hotels Taipei - Hotel B7 Journey
Willy,https://www.tripadvisor.com.tw/Profile/WillyTaiwan,8月3日,敘美行旅 (中正區)Beauty Hotels Taipei - Hotel B7 Journey
timocc,https://www.tripadvisor.com.tw/Profile/timocc,2019年7月,敘美行旅 (中正區)Beauty Hotels Taipei - Hotel B7 Journey
蕭小姐,https://www.tripadvisor.com.tw/Profile/EmilyHsiao99,2019年7月,敘美行旅 (中正區)Beauty Hotels Taipei - Hotel B7 Journey
Erica W,https://www.tripadvisor.com.tw/Profile/EricaW1239,2019年7月,日勝生加賀屋北投溫泉度假飯店Radium Kagaya International Hotel
Viset,https://www.tripadvisor.com.tw/Profile/Viset,2019年7月,日勝生加賀屋北投溫泉度假飯店Radium Kagaya International Hotel
我是旅行全世界房間服務觀察員評比測試員，馬來西亞華人,https://www.tripadvisor.com.tw/Profile/you565,2019年4月,日勝生加賀屋北投溫泉度假飯店Radium Kagaya International Hotel
Butchercarlos,https://www.tripadvisor.com.tw/Profile/Butchercarlos,2019年4月,日勝生加賀屋北投溫泉度假飯店Radium Kagaya International Hotel
92bbbb,https://www.tripadvisor.com.tw/Profile/92bbbb,2019年3月,日勝生加賀屋北投溫泉度假飯店Radium Kagaya International Hotel
玉玲 盧,https://www.tripadvisor.com.tw/Profile/H1907BQ_,昨天,誠品行旅 (信義區)Eslite Hotel
Chung,https://www.tripadvisor.com.tw/Profile/Chung0728,8月11日,誠品行旅 (信義區)Eslite Hotel
Calli lin,https://www.tripadvisor.com.tw/Profile/CalliLin,8月5日,誠品行旅 (信義區)Eslite Hotel
NANAinTaiwan,https://www.tripadvisor.com.tw/Profile/NANAinTaiwan,8月3日,誠品行旅 (信義區)Eslite Hotel
yuya1006,https://www.tripadvisor.com.tw/Profile/yuya1006,2019年7月,誠品行旅 (信義區)Eslite Hotel
jodow2019,https://www.tripadvisor.com.tw/Profile/jodow2019,2019年7月,北門臥客青年旅舍 (大同)We Come Hostel
Road27824051532,https://www.tripadvisor.com.tw/Profile/Road27824051532,2019年6月,北門臥客青年旅舍 (大同)We Come Hostel
Ray sing,https://www.tripadvisor.com.tw/Profile/Raysing1845,2019年6月,北門臥客青年旅舍 (大同)We Come Hostel
Quest03370225473,https://www.tripadvisor.com.tw/Profile/Quest03370225473,2019年6月,北門臥客青年旅舍 (大同)We Come Hostel
Quest45797388397,https://www.tripadvisor.com.tw/Profile/Quest45797388397,2019年5月,北門臥客青年旅舍 (大同)We Come Hostel
Hannah H,https://www.tripadvisor.com.tw/Profile/hannahhR228LB,2019年7月,"紅米青年旅館 (大同)Homey Hostel, Taipei Main Station"
Kim,https://www.tripadvisor.com.tw/Profile/karmakim909,2019年6月,"紅米青年旅館 (大同)Homey Hostel, Taipei Main Station"
Hk ppl,https://www.tripadvisor.com.tw/Profile/garycC980LO,2019年6月,"紅米青年旅館 (大同)Homey Hostel, Taipei Main Station"
Chaunna H,https://www.tripadvisor.com.tw/Profile/chaunnah,2019年5月,"紅米青年旅館 (大同)Homey Hostel, Taipei Main Station"
Lily,https://www.tripadvisor.com.tw/Profile/Sightsee809742,2019年4月,"紅米青年旅館 (大同)Homey Hostel, Taipei Main Station"
touchdownjj,https://www.tripadvisor.com.tw/Profile/touchdownjj,2019年6月,寒舍艾美酒店 (信義區)Le Meridien Taipei
musclear,https://www.tripadvisor.com.tw/Profile/musclear,2019年6月,寒舍艾美酒店 (信義區)Le Meridien Taipei
cdnabroad,https://www.tripadvisor.com.tw/Profile/cdnabroad,2019年5月,寒舍艾美酒店 (信義區)Le Meridien Taipei
Zong nan K,https://www.tripadvisor.com.tw/Profile/Navigator791288,2019年5月,寒舍艾美酒店 (信義區)Le Meridien Taipei
BPTaipei,https://www.tripadvisor.com.tw/Profile/BPTaipei,2019年4月,寒舍艾美酒店 (信義區)Le Meridien Taipei
Annie Tang,https://www.tripadvisor.com.tw/Profile/alga_annie,2019年5月,台北發現青年旅舍 (中山區)Taipei Discover Hostel
Aneeka A,https://www.tripadvisor.com.tw/Profile/AneekaA,2019年5月,台北發現青年旅舍 (中山區)Taipei Discover Hostel
Maria M,https://www.tripadvisor.com.tw/Profile/M8669SGmariam,2019年2月,台北發現青年旅舍 (中山區)Taipei Discover Hostel
Patrick .W,https://www.tripadvisor.com.tw/Profile/Patrwan,2018年12月,台北發現青年旅舍 (中山區)Taipei Discover Hostel
designbyjun,https://www.tripadvisor.com.tw/Profile/designbyjun,2018年11月,台北發現青年旅舍 (中山區)Taipei Discover Hostel
Khia K,https://www.tripadvisor.com.tw/Profile/khiak,2018年8月,建山大旅社 (大同)Jian Shan Hotel
Milena C,https://www.tripadvisor.com.tw/Profile/MilenaC401,2018年6月,建山大旅社 (大同)Jian Shan Hotel
Cottontail,https://www.tripadvisor.com.tw/Profile/cottontailrabbit,2018年2月,建山大旅社 (大同)Jian Shan Hotel
Chiafong,https://www.tripadvisor.com.tw/Profile/Chiafong,2017年10月,建山大旅社 (大同)Jian Shan Hotel
楓嵐,https://www.tripadvisor.com.tw/Profile/DayTrip810688,2017年7月,建山大旅社 (大同)Jian Shan Hotel
CaCaChiu,https://www.tripadvisor.com.tw/Profile/CaCaChiu,8月8日,台北中山雅樂軒酒店 (中山區)Aloft Taipei Zhongshan
rebecca0703,https://www.tripadvisor.com.tw/Profile/rebecca0703,8月7日,台北中山雅樂軒酒店 (中山區)Aloft Taipei Zhongshan
dolcevitabella,https://www.tripadvisor.com.tw/Profile/dolcevitabella,2019年7月,台北中山雅樂軒酒店 (中山區)Aloft Taipei Zhongshan
Michael H,https://www.tripadvisor.com.tw/Profile/michaelhabib,2019年7月,台北中山雅樂軒酒店 (中山區)Aloft Taipei Zhongshan
415mandyt,https://www.tripadvisor.com.tw/Profile/415mandyt,2019年7月,台北中山雅樂軒酒店 (中山區)Aloft Taipei Zhongshan
Manuel Brandt,https://www.tripadvisor.com.tw/Profile/manuelbrandt,2019年3月,杜萊根國際青年旅舍 (松山)Sleepy Dragon Hostel
Jo V,https://www.tripadvisor.com.tw/Profile/828jov,2019年2月,杜萊根國際青年旅舍 (松山)Sleepy Dragon Hostel
雨 冰,https://www.tripadvisor.com.tw/Profile/Q3008FR_,2018年11月,杜萊根國際青年旅舍 (松山)Sleepy Dragon Hostel
Marc E,https://www.tripadvisor.com.tw/Profile/U4713UMmarce,2018年9月,杜萊根國際青年旅舍 (松山)Sleepy Dragon Hostel
Twirl R,https://www.tripadvisor.com.tw/Profile/TwirlR,2018年8月,杜萊根國際青年旅舍 (松山)Sleepy Dragon Hostel
floral104,https://www.tripadvisor.com.tw/Profile/floral104,2019年7月,三二行館 (北投)Villa 32
lwh,https://www.tripadvisor.com.tw/Profile/lwh168,2019年7月,三二行館 (北投)Villa 32
Michael Z,https://www.tripadvisor.com.tw/Profile/MichaelZ1135,2019年5月,三二行館 (北投)Villa 32
Carol,https://www.tripadvisor.com.tw/Profile/CarolChen1227,2019年5月,三二行館 (北投)Villa 32
Sylvia,https://www.tripadvisor.com.tw/Profile/sylviang15,2019年4月,三二行館 (北投)Villa 32
Joe L,https://www.tripadvisor.com.tw/Profile/959joel,2019年7月,阿樹國際旅店 (松山)Artree Hotel
Pulmbubble,https://www.tripadvisor.com.tw/Profile/sar77107,2019年7月,阿樹國際旅店 (松山)Artree Hotel
天天快樂,https://www.tripadvisor.com.tw/Profile/Curiosity807084,2019年6月,阿樹國際旅店 (松山)Artree Hotel
actually130,https://www.tripadvisor.com.tw/Profile/actually130,2019年6月,阿樹國際旅店 (松山)Artree Hotel
IvanLui,https://www.tripadvisor.com.tw/Profile/IvanLui,2019年6月,阿樹國際旅店 (松山)Artree Hotel
TravelerakaG,https://www.tripadvisor.com.tw/Profile/dawarwad,8月2日,太空艙-信義館 (信義區)Space Inn Xinyi
嘉瑜 吳,https://www.tripadvisor.com.tw/Profile/FrequentFlier472651,2019年7月,太空艙-信義館 (信義區)Space Inn Xinyi
Titan Chen,https://www.tripadvisor.com.tw/Profile/titanchen123,2019年7月,太空艙-信義館 (信義區)Space Inn Xinyi
Cody,https://www.tripadvisor.com.tw/Profile/supercoody,2019年7月,太空艙-信義館 (信義區)Space Inn Xinyi
AllenLin1221,https://www.tripadvisor.com.tw/Profile/AllenLin1221,2019年7月,太空艙-信義館 (信義區)Space Inn Xinyi
Kjella,https://www.tripadvisor.com.tw/Profile/Aashatravels,2019年7月,北投麗禧溫泉酒店Grand View Resort Beitou
drhw2016,https://www.tripadvisor.com.tw/Profile/drhw2016,2018年9月,北投麗禧溫泉酒店Grand View Resort Beitou
俞夢 林,https://www.tripadvisor.com.tw/Profile/Sherpa458805,2019年7月,北投麗禧溫泉酒店Grand View Resort Beitou
danny chiang,https://www.tripadvisor.com.tw/Profile/frog1109,2019年7月,北投麗禧溫泉酒店Grand View Resort Beitou
Hoin,https://www.tripadvisor.com.tw/Profile/Hoin777,2019年7月,北投麗禧溫泉酒店Grand View Resort Beitou
CheukHang,https://www.tripadvisor.com.tw/Profile/CheukHang,8月3日,台北怡亨酒店 (大安)Hotel Eclat Taipei
Triffer,https://www.tripadvisor.com.tw/Profile/Hu711675,8月2日,台北怡亨酒店 (大安)Hotel Eclat Taipei
Culture38939265246,https://www.tripadvisor.com.tw/Profile/Culture38939265246,2019年7月,台北怡亨酒店 (大安)Hotel Eclat Taipei
Daniel,https://www.tripadvisor.com.tw/Profile/ryoko99,2019年7月,台北怡亨酒店 (大安)Hotel Eclat Taipei
Jimmy,https://www.tripadvisor.com.tw/Profile/Soldierz23,2019年7月,台北怡亨酒店 (大安)Hotel Eclat Taipei
Tang,https://www.tripadvisor.com.tw/Profile/Jt3777,8月4日,"大地酒店 (北投)The Gaia Hotel, Taipei"
818LaurentY,https://www.tripadvisor.com.tw/Profile/818LaurentY,8月3日,"大地酒店 (北投)The Gaia Hotel, Taipei"
Chorus wong,https://www.tripadvisor.com.tw/Profile/Choruswong0101,8月2日,"大地酒店 (北投)The Gaia Hotel, Taipei"
4teenabel,https://www.tripadvisor.com.tw/Profile/4teenabel,8月2日,"大地酒店 (北投)The Gaia Hotel, Taipei"
Alan,https://www.tripadvisor.com.tw/Profile/alanchen5888,2019年7月,"大地酒店 (北投)The Gaia Hotel, Taipei"
hlc2019,https://www.tripadvisor.com.tw/Profile/hlc201908,昨天,HOTEL QUOTE Taipei (松山)
HJYu,https://www.tripadvisor.com.tw/Profile/HJYu,8月10日,HOTEL QUOTE Taipei (松山)
Sylvia Y,https://www.tripadvisor.com.tw/Profile/SylviaY209,8月10日,HOTEL QUOTE Taipei (松山)
amy,https://www.tripadvisor.com.tw/Profile/12345amycccckm,8月10日,HOTEL QUOTE Taipei (松山)
WalterHo,https://www.tripadvisor.com.tw/Profile/WalterHoSze,8月4日,HOTEL QUOTE Taipei (松山)
小俐凃,https://www.tripadvisor.com.tw/Profile/li770503,8月4日,大地清旅．旅店 (中山區)Horizon Inn
connollyrj20,https://www.tripadvisor.com.tw/Profile/connollyrj20,2019年5月,大地清旅．旅店 (中山區)Horizon Inn
Yvonne Chan,https://www.tripadvisor.com.tw/Profile/Yv0nn3chan,2019年4月,大地清旅．旅店 (中山區)Horizon Inn
Zaki Y,https://www.tripadvisor.com.tw/Profile/zakiy2013,2018年12月,大地清旅．旅店 (中山區)Horizon Inn
albert_lovetravel,https://www.tripadvisor.com.tw/Profile/albert_lovetravel,2018年12月,大地清旅．旅店 (中山區)Horizon Inn
Kinki25,https://www.tripadvisor.com.tw/Profile/Kinki25,2019年7月,二十輪旅店 - 大安店Swiio Hotel Daan
TripAdvisor 會員,https://www.tripadvisor.com.tw,2019年6月,二十輪旅店 - 大安店Swiio Hotel Daan
pegyau,https://www.tripadvisor.com.tw/Profile/pegyau,2019年6月,二十輪旅店 - 大安店Swiio Hotel Daan
Miyu,https://www.tripadvisor.com.tw/Profile/Miyu031,2019年6月,二十輪旅店 - 大安店Swiio Hotel Daan
Nicole M,https://www.tripadvisor.com.tw/Profile/NicoleM7309,2019年6月,二十輪旅店 - 大安店Swiio Hotel Daan
Catherine Lee,https://www.tripadvisor.com.tw/Profile/CatherineL4280,8月9日,北投老爺酒店Hotel Royal Beitou
林育正,https://www.tripadvisor.com.tw/Profile/Coastal807227,8月7日,北投老爺酒店Hotel Royal Beitou
Jass,https://www.tripadvisor.com.tw/Profile/Jass5320,2019年7月,北投老爺酒店Hotel Royal Beitou
Annie Lay,https://www.tripadvisor.com.tw/Profile/AnnieLay,2019年7月,北投老爺酒店Hotel Royal Beitou
123,https://www.tripadvisor.com.tw/Profile/Kuolung888,2019年7月,北投老爺酒店Hotel Royal Beitou
peiliutw,https://www.tripadvisor.com.tw/Profile/peiliutw,8月11日,馥華商旅敦北館 (松山)Simple+ Hotel
KumonMa,https://www.tripadvisor.com.tw/Profile/KumonMa,2019年7月,馥華商旅敦北館 (松山)Simple+ Hotel
smilewesley,https://www.tripadvisor.com.tw/Profile/smilewesley,2019年7月,馥華商旅敦北館 (松山)Simple+ Hotel
18616363927,https://www.tripadvisor.com.tw/Profile/18616363927,2019年7月,馥華商旅敦北館 (松山)Simple+ Hotel
richard72319,https://www.tripadvisor.com.tw/Profile/richard72319,2019年7月,馥華商旅敦北館 (松山)Simple+ Hotel
Dawn,https://www.tripadvisor.com.tw/Profile/3qverymuch,2019年6月,西門窩 (萬華)Ximen WOW Hostel
laicora,https://www.tripadvisor.com.tw/Profile/laicora,2019年2月,西門窩 (萬華)Ximen WOW Hostel
馨誼 黃,https://www.tripadvisor.com.tw/Profile/Journey720724,2018年11月,西門窩 (萬華)Ximen WOW Hostel
小翊兒,https://www.tripadvisor.com.tw/Profile/Quest809502,2018年2月,西門窩 (萬華)Ximen WOW Hostel
西姬陳,https://www.tripadvisor.com.tw/Profile/gina0430,2018年2月,西門窩 (萬華)Ximen WOW Hostel
Tourist58504128550,https://www.tripadvisor.com.tw/Profile/Tourist58504128550,2019年6月,夾腳拖的家-台北車站 (大同)Flip Flop Hostel - Main Station
Marie R,https://www.tripadvisor.com.tw/Profile/MarieR2662,2019年5月,夾腳拖的家-台北車站 (大同)Flip Flop Hostel - Main Station
Guide63552998104,https://www.tripadvisor.com.tw/Profile/Guide63552998104,2019年3月,夾腳拖的家-台北車站 (大同)Flip Flop Hostel - Main Station
Jet19230814245,https://www.tripadvisor.com.tw/Profile/Jet19230814245,2019年1月,夾腳拖的家-台北車站 (大同)Flip Flop Hostel - Main Station
Voyage01617073528,https://www.tripadvisor.com.tw/Profile/Voyage01617073528,2018年12月,夾腳拖的家-台北車站 (大同)Flip Flop Hostel - Main Station
Peter,https://www.tripadvisor.com.tw/Profile/Dreamer801682,2019年7月,途中台北國際青年旅舍 (北投)On My Way Taipei Hostel
甘修全,https://www.tripadvisor.com.tw/Profile/723uli,2019年3月,途中台北國際青年旅舍 (北投)On My Way Taipei Hostel
Ke wu,https://www.tripadvisor.com.tw/Profile/KaiWenWu,2019年1月,途中台北國際青年旅舍 (北投)On My Way Taipei Hostel
Cebbina L,https://www.tripadvisor.com.tw/Profile/cebbinal,2018年11月,途中台北國際青年旅舍 (北投)On My Way Taipei Hostel
Star S,https://www.tripadvisor.com.tw/Profile/StarS106,2018年5月,途中台北國際青年旅舍 (北投)On My Way Taipei Hostel
Marco D,https://www.tripadvisor.com.tw/Profile/marcodT6123MQ,2019年5月,台北馥敦-復南館 (大安)Taipei Fullerton Hotel－South
Bonnie Chen,https://www.tripadvisor.com.tw/Profile/xBonnieChenx,2019年5月,台北馥敦-復南館 (大安)Taipei Fullerton Hotel－South
Tiffany SS C,https://www.tripadvisor.com.tw/Profile/TiffanySSC,2019年5月,台北馥敦-復南館 (大安)Taipei Fullerton Hotel－South
janson,https://www.tripadvisor.com.tw/Profile/Amiswu,2019年4月,台北馥敦-復南館 (大安)Taipei Fullerton Hotel－South
Patrick .W,https://www.tripadvisor.com.tw/Profile/Patrwan,2019年3月,台北馥敦-復南館 (大安)Taipei Fullerton Hotel－South
Andy G,https://www.tripadvisor.com.tw/Profile/Andygoh8989,2019年7月,台北城大飯店 (大同)Taipei City Hotel
Heng How N,https://www.tripadvisor.com.tw/Profile/henghown,2019年5月,台北城大飯店 (大同)Taipei City Hotel
Suzathk,https://www.tripadvisor.com.tw/Profile/Suzathk,2019年4月,台北城大飯店 (大同)Taipei City Hotel
shuma,https://www.tripadvisor.com.tw/Profile/shumeima,2019年3月,台北城大飯店 (大同)Taipei City Hotel
Heive,https://www.tripadvisor.com.tw/Profile/Heive,2018年12月,台北城大飯店 (大同)Taipei City Hotel
Starry,https://www.tripadvisor.com.tw/Profile/evastarry,2019年4月,柯達大飯店台北二店 (中山區)K Hotel Taipei II
Michel,https://www.tripadvisor.com.tw/Profile/Mpfrederik,2018年11月,柯達大飯店台北二店 (中山區)K Hotel Taipei II
George M,https://www.tripadvisor.com.tw/Profile/georgemA14GE,2018年6月,柯達大飯店台北二店 (中山區)K Hotel Taipei II
shoywu,https://www.tripadvisor.com.tw/Profile/shoywu,2018年5月,柯達大飯店台北二店 (中山區)K Hotel Taipei II
LouisChou1127,https://www.tripadvisor.com.tw/Profile/LouisChou1127,2017年11月,柯達大飯店台北二店 (中山區)K Hotel Taipei II
Olga  S,https://www.tripadvisor.com.tw/Profile/P6116TOolgas,昨天,南陽街壹號旅店 (中正區)NYS Loft Hotel
melissanecolette,https://www.tripadvisor.com.tw/Profile/melissanecolette,2019年7月,南陽街壹號旅店 (中正區)NYS Loft Hotel
Jennifer D,https://www.tripadvisor.com.tw/Profile/JenniferD42,2019年5月,南陽街壹號旅店 (中正區)NYS Loft Hotel
955anitay,https://www.tripadvisor.com.tw/Profile/955anitay,2019年5月,南陽街壹號旅店 (中正區)NYS Loft Hotel
Fion1210,https://www.tripadvisor.com.tw/Profile/Fion1210,2019年4月,南陽街壹號旅店 (中正區)NYS Loft Hotel
Tad S,https://www.tripadvisor.com.tw/Profile/816tads,2019年6月,京站國際酒店式公寓 (大同)iTaipei Service Apartment
我是旅行全世界房間服務觀察員評比測試員，馬來西亞華人,https://www.tripadvisor.com.tw/Profile/you565,2019年4月,京站國際酒店式公寓 (大同)iTaipei Service Apartment
PPK,https://www.tripadvisor.com.tw/Profile/PPKuan,2019年4月,京站國際酒店式公寓 (大同)iTaipei Service Apartment
Jocelynn,https://www.tripadvisor.com.tw/Profile/Jocelynnloi,2019年1月,京站國際酒店式公寓 (大同)iTaipei Service Apartment
HKA_888,https://www.tripadvisor.com.tw/Profile/HKA_888,2018年8月,京站國際酒店式公寓 (大同)iTaipei Service Apartment
逸昕 吳,https://www.tripadvisor.com.tw/Profile/Expedition808542,2019年1月,洛碁大飯店驛 (中正區)Green World Station
karlkoong,https://www.tripadvisor.com.tw/Profile/karlkoong,2019年1月,洛碁大飯店驛 (中正區)Green World Station
KeithLoKam,https://www.tripadvisor.com.tw/Profile/KeithLoKam,2018年12月,洛碁大飯店驛 (中正區)Green World Station
Zhao Hui,https://www.tripadvisor.com.tw/Profile/winnieal,2018年11月,洛碁大飯店驛 (中正區)Green World Station
mtknkmr99,https://www.tripadvisor.com.tw/Profile/mtknkmr99,2018年8月,洛碁大飯店驛 (中正區)Green World Station
Phloxylady2,https://www.tripadvisor.com.tw/Profile/Phloxylady2,2019年1月,康華飯店 (中山區)Golden China Hotel
Garfieldnk,https://www.tripadvisor.com.tw/Profile/Garfieldnk,2018年10月,康華飯店 (中山區)Golden China Hotel
Ai-ling L,https://www.tripadvisor.com.tw/Profile/LightPacker802307,2018年9月,康華飯店 (中山區)Golden China Hotel
chris3201931,https://www.tripadvisor.com.tw/Profile/chris3201931,2018年7月,康華飯店 (中山區)Golden China Hotel
392pandac,https://www.tripadvisor.com.tw/Profile/392pandac,2018年6月,康華飯店 (中山區)Golden China Hotel
Kary Kwong,https://www.tripadvisor.com.tw/Profile/karykwong,2019年4月,天閣酒店 - 台北林森 (中山區)Tango Hotel Taipei Lin Sen
te-chang,https://www.tripadvisor.com.tw/Profile/te-chang,2019年3月,天閣酒店 - 台北林森 (中山區)Tango Hotel Taipei Lin Sen
pams1122014,https://www.tripadvisor.com.tw/Profile/pams1122014,2018年11月,天閣酒店 - 台北林森 (中山區)Tango Hotel Taipei Lin Sen
Vincent Lin,https://www.tripadvisor.com.tw/Profile/VincentCLin,2018年9月,天閣酒店 - 台北林森 (中山區)Tango Hotel Taipei Lin Sen
哈哈哈,https://www.tripadvisor.com.tw/Profile/ppp5718,2018年5月,天閣酒店 - 台北林森 (中山區)Tango Hotel Taipei Lin Sen
Yupu,https://www.tripadvisor.com.tw/Profile/Yupu69,2019年6月,昰美精品飯店 (士林)Beauty Hotels Taipei - Beautique
Chen Chen H,https://www.tripadvisor.com.tw/Profile/ChenChenH10,2019年5月,昰美精品飯店 (士林)Beauty Hotels Taipei - Beautique
周先生,https://www.tripadvisor.com.tw/Profile/0980133386,2019年5月,昰美精品飯店 (士林)Beauty Hotels Taipei - Beautique
Xxx,https://www.tripadvisor.com.tw/Profile/243827,2019年4月,昰美精品飯店 (士林)Beauty Hotels Taipei - Beautique
Roam10536051132,https://www.tripadvisor.com.tw/Profile/Roam10536051132,2019年4月,昰美精品飯店 (士林)Beauty Hotels Taipei - Beautique
RWWR,https://www.tripadvisor.com.tw/Profile/RWWR,2019年5月,橙舍青年旅舍(台北一館) (萬華)TW Hostel Taipei 1st Branch
快樂的傻瓜,https://www.tripadvisor.com.tw/Profile/aadisco,2019年4月,橙舍青年旅舍(台北一館) (萬華)TW Hostel Taipei 1st Branch
carebear2206,https://www.tripadvisor.com.tw/Profile/carebear2206,2018年7月,橙舍青年旅舍(台北一館) (萬華)TW Hostel Taipei 1st Branch
Li L,https://www.tripadvisor.com.tw/Profile/LiL1608,2018年5月,橙舍青年旅舍(台北一館) (萬華)TW Hostel Taipei 1st Branch
TripAdvisor 會員,https://www.tripadvisor.com.tw,2018年5月,橙舍青年旅舍(台北一館) (萬華)TW Hostel Taipei 1st Branch
路遙遙,https://www.tripadvisor.com.tw/Profile/BackPacker808472,8月1日,趣旅館 - 林森館 (中山區)Hotel Fun - Linsen Branch
Aaron,https://www.tripadvisor.com.tw/Profile/Aaronhuang0921,2019年7月,趣旅館 - 林森館 (中山區)Hotel Fun - Linsen Branch
Anjo J,https://www.tripadvisor.com.tw/Profile/anjoj2016,2019年3月,趣旅館 - 林森館 (中山區)Hotel Fun - Linsen Branch
柏凱 陳,https://www.tripadvisor.com.tw/Profile/bkkkaic,2019年3月,趣旅館 - 林森館 (中山區)Hotel Fun - Linsen Branch
李宗憲,https://www.tripadvisor.com.tw/Profile/zongsiangg,2019年3月,趣旅館 - 林森館 (中山區)Hotel Fun - Linsen Branch
MIHO,https://www.tripadvisor.com.tw/Profile/MIHONINO,2019年6月,漾館時尚溫泉旅館 (北投)Aqua Bella Hotel
Kabira,https://www.tripadvisor.com.tw/Profile/Kabira430,2019年4月,漾館時尚溫泉旅館 (北投)Aqua Bella Hotel
Icarus T,https://www.tripadvisor.com.tw/Profile/icarust2018,2019年4月,漾館時尚溫泉旅館 (北投)Aqua Bella Hotel
marcyl2015,https://www.tripadvisor.com.tw/Profile/marcyl2015,2019年1月,漾館時尚溫泉旅館 (北投)Aqua Bella Hotel
connie Y,https://www.tripadvisor.com.tw/Profile/connie_1228,2018年11月,漾館時尚溫泉旅館 (北投)Aqua Bella Hotel
智偉 鍾,https://www.tripadvisor.com.tw/Profile/Freedom725527,2019年6月,丰居旅店(忠孝館) (大安)Via Hotel Zhongxiao
James Gannaban,https://www.tripadvisor.com.tw/Profile/JamesGannaban,2019年4月,丰居旅店(忠孝館) (大安)Via Hotel Zhongxiao
designbyjun,https://www.tripadvisor.com.tw/Profile/designbyjun,2019年4月,丰居旅店(忠孝館) (大安)Via Hotel Zhongxiao
Fly,https://www.tripadvisor.com.tw/Profile/FlyPassion,2019年3月,丰居旅店(忠孝館) (大安)Via Hotel Zhongxiao
PG1118,https://www.tripadvisor.com.tw/Profile/PG1118,2019年1月,丰居旅店(忠孝館) (大安)Via Hotel Zhongxiao
Fandy A,https://www.tripadvisor.com.tw/Profile/fandyadh7230,2019年7月,台北大亞帝國H (中正區)Taipei H Imperial
coded_pixel,https://www.tripadvisor.com.tw/Profile/coded_pixel,2019年5月,台北大亞帝國H (中正區)Taipei H Imperial
丁 布,https://www.tripadvisor.com.tw/Profile/Nomad462072,2019年5月,台北大亞帝國H (中正區)Taipei H Imperial
Lee T,https://www.tripadvisor.com.tw/Profile/tareworker,2019年4月,台北大亞帝國H (中正區)Taipei H Imperial
designbyjun,https://www.tripadvisor.com.tw/Profile/designbyjun,2019年4月,台北大亞帝國H (中正區)Taipei H Imperial
Louise Tan,https://www.tripadvisor.com.tw/Profile/louisetan118,8月1日,星辰大飯店 (中正區)Citizen Hotel
woodsbath,https://www.tripadvisor.com.tw/Profile/woodsbath,2019年7月,星辰大飯店 (中正區)Citizen Hotel
Daniel M,https://www.tripadvisor.com.tw/Profile/DanielM158,2019年6月,星辰大飯店 (中正區)Citizen Hotel
friedajiang,https://www.tripadvisor.com.tw/Profile/friedajiang,2019年5月,星辰大飯店 (中正區)Citizen Hotel
Mike M,https://www.tripadvisor.com.tw/Profile/mikmarc,2019年1月,星辰大飯店 (中正區)Citizen Hotel
Szetsang,https://www.tripadvisor.com.tw/Profile/Szetsang,8月7日,台北摩莎精品旅店 (中正區)Taipei Mosha Hotel Main Station
Dauma,https://www.tripadvisor.com.tw/Profile/Escape00869052139,8月6日,台北摩莎精品旅店 (中正區)Taipei Mosha Hotel Main Station
Deadszzz,https://www.tripadvisor.com.tw/Profile/Deadszzz,2019年7月,台北摩莎精品旅店 (中正區)Taipei Mosha Hotel Main Station
jackatrina,https://www.tripadvisor.com.tw/Profile/jackatrina,2019年6月,台北摩莎精品旅店 (中正區)Taipei Mosha Hotel Main Station
多余的车二里,https://www.tripadvisor.com.tw/Profile/cherry0822,2019年6月,台北摩莎精品旅店 (中正區)Taipei Mosha Hotel Main Station
iamche26,https://www.tripadvisor.com.tw/Profile/iamche26,2019年7月,旅晨行旅 (中正區)RE-Change Hotel
Barefoot_Journey,https://www.tripadvisor.com.tw/Profile/Noonie3008,2019年6月,旅晨行旅 (中正區)RE-Change Hotel
Michelle,https://www.tripadvisor.com.tw/Profile/michellepws,2019年5月,旅晨行旅 (中正區)RE-Change Hotel
Space Bear,https://www.tripadvisor.com.tw/Profile/spacebearchilling,2019年5月,旅晨行旅 (中正區)RE-Change Hotel
nataliemum,https://www.tripadvisor.com.tw/Profile/nataliemum,2019年2月,旅晨行旅 (中正區)RE-Change Hotel
MINI846,https://www.tripadvisor.com.tw/Profile/MINI846,2019年7月,維多麗亞酒店 (中山區)Grand Victoria Hotel
fly_ing_dutchman295,https://www.tripadvisor.com.tw/Profile/fly_ing_dutchman295,2019年1月,維多麗亞酒店 (中山區)Grand Victoria Hotel
Elthea,https://www.tripadvisor.com.tw/Profile/Elthea,2018年12月,維多麗亞酒店 (中山區)Grand Victoria Hotel
Hwa W,https://www.tripadvisor.com.tw/Profile/586hwaw,2018年11月,維多麗亞酒店 (中山區)Grand Victoria Hotel
DicYang,https://www.tripadvisor.com.tw/Profile/DicYang,2018年11月,維多麗亞酒店 (中山區)Grand Victoria Hotel
Lia A.,https://www.tripadvisor.com.tw/Profile/lianna985,2019年5月,洛碁中華大飯店 (中正區)Green World Hotel Zhonghua
glass0801,https://www.tripadvisor.com.tw/Profile/glass0801,2019年5月,洛碁中華大飯店 (中正區)Green World Hotel Zhonghua
Jamon,https://www.tripadvisor.com.tw/Profile/P5760BSirenes,2019年5月,洛碁中華大飯店 (中正區)Green World Hotel Zhonghua
j0yce90,https://www.tripadvisor.com.tw/Profile/j0yce90,2019年4月,洛碁中華大飯店 (中正區)Green World Hotel Zhonghua
Toby T,https://www.tripadvisor.com.tw/Profile/TobyT368,2019年2月,洛碁中華大飯店 (中正區)Green World Hotel Zhonghua
Avner G,https://www.tripadvisor.com.tw/Profile/689avnerg,2019年6月,洛碁南京大飯店 (中山區)Green World Hotel Grand-Nanjing
392pandac,https://www.tripadvisor.com.tw/Profile/392pandac,2019年6月,洛碁南京大飯店 (中山區)Green World Hotel Grand-Nanjing
YLC,https://www.tripadvisor.com.tw/Profile/aleicb,2019年4月,洛碁南京大飯店 (中山區)Green World Hotel Grand-Nanjing
MarkyMarkTX,https://www.tripadvisor.com.tw/Profile/MarkyMarkTX,2019年3月,洛碁南京大飯店 (中山區)Green World Hotel Grand-Nanjing
JEN C,https://www.tripadvisor.com.tw/Profile/JENC2264,2019年3月,洛碁南京大飯店 (中山區)Green World Hotel Grand-Nanjing
yoru1119,https://www.tripadvisor.com.tw/Profile/yoru1119,2019年5月,合星青年旅館 (大安)Star Hostel Taipei East
JMRImperial,https://www.tripadvisor.com.tw/Profile/JMRImperial,2019年4月,合星青年旅館 (大安)Star Hostel Taipei East
helloangelleeii,https://www.tripadvisor.com.tw/Profile/helloangelleeii,2018年11月,合星青年旅館 (大安)Star Hostel Taipei East
Feelikeit,https://www.tripadvisor.com.tw/Profile/Feelikeit,2018年9月,合星青年旅館 (大安)Star Hostel Taipei East
LUNACHIANG,https://www.tripadvisor.com.tw/Profile/LUNACHIANG,2018年9月,合星青年旅館 (大安)Star Hostel Taipei East
Philip S,https://www.tripadvisor.com.tw/Profile/philipsV8367FU,2019年6月,首都大飯店 (中山區)Capital Hotel
Kevin G,https://www.tripadvisor.com.tw/Profile/659KevinG,2019年5月,首都大飯店 (中山區)Capital Hotel
rhymesachs,https://www.tripadvisor.com.tw/Profile/rhymesachs,2019年4月,首都大飯店 (中山區)Capital Hotel
Raymond G,https://www.tripadvisor.com.tw/Profile/RaymondG1635,2019年2月,首都大飯店 (中山區)Capital Hotel
chihsia,https://www.tripadvisor.com.tw/Profile/chihsia,2019年1月,首都大飯店 (中山區)Capital Hotel
bigmouth224,https://www.tripadvisor.com.tw/Profile/bigmouth224,2019年7月,正旅館 (中正區)Just Inn Taipei Station
Ylam,https://www.tripadvisor.com.tw/Profile/ylam99,2019年3月,正旅館 (中正區)Just Inn Taipei Station
Andylui90,https://www.tripadvisor.com.tw/Profile/Andylui90,2019年2月,正旅館 (中正區)Just Inn Taipei Station
erinlin7,https://www.tripadvisor.com.tw/Profile/erinlin7,2019年1月,正旅館 (中正區)Just Inn Taipei Station
Ktong002,https://www.tripadvisor.com.tw/Profile/Ktong002,2018年12月,正旅館 (中正區)Just Inn Taipei Station
NobuhiroWang,https://www.tripadvisor.com.tw/Profile/NobuhiroWang,2019年7月,長富時尚旅店 (中山區)Homey House
Stay_with_lily,https://www.tripadvisor.com.tw/Profile/Stay_with_lily,2019年6月,長富時尚旅店 (中山區)Homey House
Linsue C,https://www.tripadvisor.com.tw/Profile/ChiamingChen,2019年3月,長富時尚旅店 (中山區)Homey House
Y!b,https://www.tripadvisor.com.tw/Profile/ybean112,2018年11月,長富時尚旅店 (中山區)Homey House
JohnFang,https://www.tripadvisor.com.tw/Profile/JohnFang,2018年10月,長富時尚旅店 (中山區)Homey House
路遙遙,https://www.tripadvisor.com.tw/Profile/BackPacker808472,8月1日,洛碁山水閣大飯店 (中山區)Green World Hotel Sansui
Wawa,https://www.tripadvisor.com.tw/Profile/wwawaa,2019年7月,洛碁山水閣大飯店 (中山區)Green World Hotel Sansui
cksbmaya,https://www.tripadvisor.com.tw/Profile/cksbmaya,2019年4月,洛碁山水閣大飯店 (中山區)Green World Hotel Sansui
GinniHuang,https://www.tripadvisor.com.tw/Profile/GinniHuang,2019年1月,洛碁山水閣大飯店 (中山區)Green World Hotel Sansui
Rcccc,https://www.tripadvisor.com.tw/Profile/Rcccc,2018年8月,洛碁山水閣大飯店 (中山區)Green World Hotel Sansui
Wei Shin,https://www.tripadvisor.com.tw/Profile/WeiXin823,2019年4月,美寓 (松山)Meistay
Sheila H,https://www.tripadvisor.com.tw/Profile/85sheilah,2019年1月,美寓 (松山)Meistay
Violet L,https://www.tripadvisor.com.tw/Profile/violetl610,2018年11月,美寓 (松山)Meistay
馬庫,https://www.tripadvisor.com.tw/Profile/ku07070909,2018年5月,美寓 (松山)Meistay
Punkevin,https://www.tripadvisor.com.tw/Profile/Punkevin,2018年1月,美寓 (松山)Meistay
Celia Man,https://www.tripadvisor.com.tw/Profile/Sumsumile,2019年5月,禾順商旅 (萬華)YOUR Hotel
AshleyTan,https://www.tripadvisor.com.tw/Profile/Ashley92Tan,2019年3月,禾順商旅 (萬華)YOUR Hotel
亭誼 呂,https://www.tripadvisor.com.tw/Profile/Lin_JOJO,2019年1月,禾順商旅 (萬華)YOUR Hotel
asankaelise,https://www.tripadvisor.com.tw/Profile/asankaelise,2018年12月,禾順商旅 (萬華)YOUR Hotel
賴老闆,https://www.tripadvisor.com.tw/Profile/lailowbango,2018年11月,禾順商旅 (萬華)YOUR Hotel
Hsing Y,https://www.tripadvisor.com.tw/Profile/HsingY12,2019年6月,你好台北 (大安)NiHao Cafe Hotel
Carey G,https://www.tripadvisor.com.tw/Profile/careyg2013,2018年4月,你好台北 (大安)NiHao Cafe Hotel
恩碩 劉,https://www.tripadvisor.com.tw/Profile/qesx777,2018年2月,你好台北 (大安)NiHao Cafe Hotel
taycharlyn,https://www.tripadvisor.com.tw/Profile/taycharlyn,2018年2月,你好台北 (大安)NiHao Cafe Hotel
Foxtrotx,https://www.tripadvisor.com.tw/Profile/Foxtrotx,2018年1月,你好台北 (大安)NiHao Cafe Hotel
Lou,https://www.tripadvisor.com.tw/Profile/TempleHopper,2019年3月,豪麗大飯店 (大安)Royal Palace Hotel
FWD15734,https://www.tripadvisor.com.tw/Profile/FWD15734,2018年11月,豪麗大飯店 (大安)Royal Palace Hotel
Ash Mehta,https://www.tripadvisor.com.tw/Profile/FLASH88,2018年10月,豪麗大飯店 (大安)Royal Palace Hotel
robtropicana,https://www.tripadvisor.com.tw/Profile/robtropicana,2018年7月,豪麗大飯店 (大安)Royal Palace Hotel
chefdt,https://www.tripadvisor.com.tw/Profile/chefdt,2018年6月,豪麗大飯店 (大安)Royal Palace Hotel
PeterKulimak,https://www.tripadvisor.com.tw/Profile/PeterKulimak,2019年5月,天閣酒店 - 台北復興 (松山)THE Tango Taipei FuHsing
Desmond Phua,https://www.tripadvisor.com.tw/Profile/DesmondPhua,2019年3月,天閣酒店 - 台北復興 (松山)THE Tango Taipei FuHsing
VioletWongPL,https://www.tripadvisor.com.tw/Profile/VioletWongPL,2019年2月,天閣酒店 - 台北復興 (松山)THE Tango Taipei FuHsing
hoseops,https://www.tripadvisor.com.tw/Profile/hoseops,2018年12月,天閣酒店 - 台北復興 (松山)THE Tango Taipei FuHsing
BlueWhirl,https://www.tripadvisor.com.tw/Profile/BlueWhirl,2018年9月,天閣酒店 - 台北復興 (松山)THE Tango Taipei FuHsing
米莉石,https://www.tripadvisor.com.tw/Profile/Resort804798,2019年7月,怡品商旅 (大安)Eastin Taipei Hotel
mattie,https://www.tripadvisor.com.tw/Profile/mattie_chiu,2019年6月,怡品商旅 (大安)Eastin Taipei Hotel
TripAdvisor 會員,https://www.tripadvisor.com.tw,2019年6月,怡品商旅 (大安)Eastin Taipei Hotel
Han Azegami,https://www.tripadvisor.com.tw/Profile/ChengHanLin,2019年4月,怡品商旅 (大安)Eastin Taipei Hotel
Chieh-Wei-Chen,https://www.tripadvisor.com.tw/Profile/Chieh-Wei-Chen,2019年2月,怡品商旅 (大安)Eastin Taipei Hotel
siucchung,https://www.tripadvisor.com.tw/Profile/siucchung,8月2日,德立莊酒店 (中正區)Hotel Midtown Richardson
Csashimi,https://www.tripadvisor.com.tw/Profile/csashimi,8月2日,德立莊酒店 (中正區)Hotel Midtown Richardson
Sathok,https://www.tripadvisor.com.tw/Profile/Sathokv,2019年7月,德立莊酒店 (中正區)Hotel Midtown Richardson
Sunnehtravels,https://www.tripadvisor.com.tw/Profile/Sunnehtravels,2019年7月,德立莊酒店 (中正區)Hotel Midtown Richardson
heitung1215,https://www.tripadvisor.com.tw/Profile/heitung1215,2019年6月,德立莊酒店 (中正區)Hotel Midtown Richardson
Courtney H,https://www.tripadvisor.com.tw/Profile/courtneyhE550CC,2019年5月,米尼旅店 (中正區)Mini Inn
albert_lovetravel,https://www.tripadvisor.com.tw/Profile/albert_lovetravel,2018年11月,米尼旅店 (中正區)Mini Inn
JCZDG,https://www.tripadvisor.com.tw/Profile/JCZDG,2018年10月,米尼旅店 (中正區)Mini Inn
Ting,https://www.tripadvisor.com.tw/Profile/_J1251QJ,2018年10月,米尼旅店 (中正區)Mini Inn
TInakits,https://www.tripadvisor.com.tw/Profile/TInakits,2018年9月,米尼旅店 (中正區)Mini Inn
Christopher L,https://www.tripadvisor.com.tw/Profile/christopherlN9469NR,2018年6月,長虹大飯店 (萬華)Rainbow Hotel
hiusumhome,https://www.tripadvisor.com.tw/Profile/hiusumhome,2018年6月,長虹大飯店 (萬華)Rainbow Hotel
storyofau365days,https://www.tripadvisor.com.tw/Profile/storyofau365days,2018年1月,長虹大飯店 (萬華)Rainbow Hotel
小小budget旅行,https://www.tripadvisor.com.tw/Profile/NorthStar811403,2018年1月,長虹大飯店 (萬華)Rainbow Hotel
Kam Loong C,https://www.tripadvisor.com.tw/Profile/kamloongc,2017年10月,長虹大飯店 (萬華)Rainbow Hotel
Gilfred Chan,https://www.tripadvisor.com.tw/Profile/Gilfredchan,8月11日,晶華酒店 (中山區)Regent Taipei
yuhsuanw2017,https://www.tripadvisor.com.tw/Profile/yuhsuanw2017,8月9日,晶華酒店 (中山區)Regent Taipei
Sophia L,https://www.tripadvisor.com.tw/Profile/SophiaL1701,8月6日,晶華酒店 (中山區)Regent Taipei
aaron6837,https://www.tripadvisor.com.tw/Profile/aaron6837,8月5日,晶華酒店 (中山區)Regent Taipei
LinPingChun,https://www.tripadvisor.com.tw/Profile/LinPingChun,8月3日,晶華酒店 (中山區)Regent Taipei
elainel389,https://www.tripadvisor.com.tw/Profile/elainel389,2019年7月,寶格利時尚旅館 (萬華)Burgary Hotel
Antontam,https://www.tripadvisor.com.tw/Profile/Antontam,2019年5月,寶格利時尚旅館 (萬華)Burgary Hotel
Grace L,https://www.tripadvisor.com.tw/Profile/Gracelambaby,2019年5月,寶格利時尚旅館 (萬華)Burgary Hotel
Nutchanart U,https://www.tripadvisor.com.tw/Profile/NutchanartU1,2019年3月,寶格利時尚旅館 (萬華)Burgary Hotel
alex lam 林,https://www.tripadvisor.com.tw/Profile/LAMSANG,2018年11月,寶格利時尚旅館 (萬華)Burgary Hotel
raymondtour,https://www.tripadvisor.com.tw/Profile/raymondtour,2019年7月,力麗哲園商旅-台北 (松山)Lealea Garden Hotels-Taipei
PG1118,https://www.tripadvisor.com.tw/Profile/PG1118,2019年1月,力麗哲園商旅-台北 (松山)Lealea Garden Hotels-Taipei
HHSTEPHEN,https://www.tripadvisor.com.tw/Profile/HHSTEPHEN,2019年1月,力麗哲園商旅-台北 (松山)Lealea Garden Hotels-Taipei
sonlsonl,https://www.tripadvisor.com.tw/Profile/sonlsonl,2018年11月,力麗哲園商旅-台北 (松山)Lealea Garden Hotels-Taipei
電風扇,https://www.tripadvisor.com.tw/Profile/Roving804725,2018年8月,力麗哲園商旅-台北 (松山)Lealea Garden Hotels-Taipei
Yu Chen H,https://www.tripadvisor.com.tw/Profile/YuChenH59,8月3日,古奈堡商務旅店 (萬華)Good 9 Stay Inn
Ooi K,https://www.tripadvisor.com.tw/Profile/392ooik,2018年12月,古奈堡商務旅店 (萬華)Good 9 Stay Inn
Mary Louise,https://www.tripadvisor.com.tw/Profile/marylouisedp,2018年11月,古奈堡商務旅店 (萬華)Good 9 Stay Inn
fai130,https://www.tripadvisor.com.tw/Profile/fai130,2018年10月,古奈堡商務旅店 (萬華)Good 9 Stay Inn
michellegY7723VG,https://www.tripadvisor.com.tw/Profile/michellegY7723VG,2018年4月,古奈堡商務旅店 (萬華)Good 9 Stay Inn
Deon28,https://www.tripadvisor.com.tw/Profile/Deon28,2019年7月,台北天晴青年旅店 (中正區)Taipei Sunny Hostel
Aaron C,https://www.tripadvisor.com.tw/Profile/aaronc45,2019年1月,台北天晴青年旅店 (中正區)Taipei Sunny Hostel
Dolores S,https://www.tripadvisor.com.tw/Profile/doloress380,2018年9月,台北天晴青年旅店 (中正區)Taipei Sunny Hostel
Pam G,https://www.tripadvisor.com.tw/Profile/pamgallego,2018年8月,台北天晴青年旅店 (中正區)Taipei Sunny Hostel
520doraemon,https://www.tripadvisor.com.tw/Profile/520doraemon,2018年4月,台北天晴青年旅店 (中正區)Taipei Sunny Hostel
686saimanc,https://www.tripadvisor.com.tw/Profile/686saimanc,2019年6月,"福容大飯店 台北一館 (大安)Fullon Hotel Taipei, Central"
HSL92,https://www.tripadvisor.com.tw/Profile/HSL92,2019年4月,"福容大飯店 台北一館 (大安)Fullon Hotel Taipei, Central"
mariel c,https://www.tripadvisor.com.tw/Profile/marielc646,2018年10月,"福容大飯店 台北一館 (大安)Fullon Hotel Taipei, Central"
Garfieldnk,https://www.tripadvisor.com.tw/Profile/Garfieldnk,2018年7月,"福容大飯店 台北一館 (大安)Fullon Hotel Taipei, Central"
Wang R,https://www.tripadvisor.com.tw/Profile/444wangr,2018年6月,"福容大飯店 台北一館 (大安)Fullon Hotel Taipei, Central"
ng7618,https://www.tripadvisor.com.tw/Profile/ng7618,8月2日,喬合大飯店 (大安)Deja Vu  Hotel
Amy L,https://www.tripadvisor.com.tw/Profile/amylondon222,2019年2月,喬合大飯店 (大安)Deja Vu  Hotel
Curiosity31452797390,https://www.tripadvisor.com.tw/Profile/Curiosity31452797390,2018年11月,喬合大飯店 (大安)Deja Vu  Hotel
vTvl,https://www.tripadvisor.com.tw/Profile/vlovetvl,2017年12月,喬合大飯店 (大安)Deja Vu  Hotel
irishsu01,https://www.tripadvisor.com.tw/Profile/irishsu01,2017年11月,喬合大飯店 (大安)Deja Vu  Hotel
forolarob,https://www.tripadvisor.com.tw/Profile/forolarob,2018年12月,大來大飯店 (松山)Delight Hotel
love you l,https://www.tripadvisor.com.tw/Profile/loveyoul9,2018年7月,大來大飯店 (松山)Delight Hotel
好喵,https://www.tripadvisor.com.tw/Profile/sureho,2018年7月,大來大飯店 (松山)Delight Hotel
哈哈哈,https://www.tripadvisor.com.tw/Profile/ppp5718,2018年4月,大來大飯店 (松山)Delight Hotel
pc30447,https://www.tripadvisor.com.tw/Profile/pc30447,2018年4月,大來大飯店 (松山)Delight Hotel
Herman C,https://www.tripadvisor.com.tw/Profile/HermanC349,2017年11月,橙舍青年旅舍(台北二館) (萬華)Taipei Backpackers Hostel
詩婷 陳,https://www.tripadvisor.com.tw/Profile/OnAir715783,2017年8月,橙舍青年旅舍(台北二館) (萬華)Taipei Backpackers Hostel
little green,https://www.tripadvisor.com.tw/Profile/littlegreen123,2017年7月,橙舍青年旅舍(台北二館) (萬華)Taipei Backpackers Hostel
昇爺,https://www.tripadvisor.com.tw/Profile/Sightsee810195,2017年4月,橙舍青年旅舍(台北二館) (萬華)Taipei Backpackers Hostel
顯斌 王,https://www.tripadvisor.com.tw/Profile/Maps699649,2017年3月,橙舍青年旅舍(台北二館) (萬華)Taipei Backpackers Hostel
旺旺報,https://www.tripadvisor.com.tw/Profile/738699,2019年7月,香樹花園酒店 (中山區)S-aura Hotel
Guide65001914534,https://www.tripadvisor.com.tw/Profile/Guide65001914534,2019年6月,香樹花園酒店 (中山區)S-aura Hotel
zakBKK,https://www.tripadvisor.com.tw/Profile/zakBKK,2019年5月,香樹花園酒店 (中山區)S-aura Hotel
Aaron,https://www.tripadvisor.com.tw/Profile/Aaronhuang0921,2019年5月,香樹花園酒店 (中山區)S-aura Hotel
Traveller201188,https://www.tripadvisor.com.tw/Profile/Traveller201188,2019年1月,香樹花園酒店 (中山區)S-aura Hotel
Sandy0050220,https://www.tripadvisor.com.tw/Profile/Sandy0050220,2018年9月,柯達大飯店(台北一店) (中山區)K Hotel (Taipei I)
Chi-Ho C,https://www.tripadvisor.com.tw/Profile/Vacation712240,2018年8月,柯達大飯店(台北一店) (中山區)K Hotel (Taipei I)
Annieyip2704,https://www.tripadvisor.com.tw/Profile/Annieyip2704,2017年8月,柯達大飯店(台北一店) (中山區)K Hotel (Taipei I)
ccycatherine2002,https://www.tripadvisor.com.tw/Profile/ccycatherine2002,2017年5月,柯達大飯店(台北一店) (中山區)K Hotel (Taipei I)
WunJhe,https://www.tripadvisor.com.tw/Profile/WunJhe,2017年4月,柯達大飯店(台北一店) (中山區)K Hotel (Taipei I)
Emgaljar,https://www.tripadvisor.com.tw/Profile/Emlougaljar,2019年6月,台北有園飯店 (中山區)U Hotel Taipei - Nanjing East Road
跟著美少婦趣旅行,https://www.tripadvisor.com.tw/Profile/Lydia0617,2019年6月,台北有園飯店 (中山區)U Hotel Taipei - Nanjing East Road
Satoshi C,https://www.tripadvisor.com.tw/Profile/sat0shic,2019年6月,台北有園飯店 (中山區)U Hotel Taipei - Nanjing East Road
Erica,https://www.tripadvisor.com.tw/Profile/cacayuen,2019年5月,台北有園飯店 (中山區)U Hotel Taipei - Nanjing East Road
ALau,https://www.tripadvisor.com.tw/Profile/anchilauh,2019年4月,台北有園飯店 (中山區)U Hotel Taipei - Nanjing East Road
nigsandmary,https://www.tripadvisor.com.tw/Profile/nigsandmary,2019年3月,北門文旅 (大同)Bayman Hotel
Diana Lin,https://www.tripadvisor.com.tw/Profile/natsuki_im,2019年1月,北門文旅 (大同)Bayman Hotel
Navigator68341616403,https://www.tripadvisor.com.tw/Profile/Navigator68341616403,2018年11月,北門文旅 (大同)Bayman Hotel
luv_child,https://www.tripadvisor.com.tw/Profile/luv_child,2018年8月,北門文旅 (大同)Bayman Hotel
Comacoooooo,https://www.tripadvisor.com.tw/Profile/Comacoooooo,2018年7月,北門文旅 (大同)Bayman Hotel
arnoldii,https://www.tripadvisor.com.tw/Profile/arnoldii,2019年6月,愛玩客旅店 (萬華)Iplay Inn
SiEWHuA XH,https://www.tripadvisor.com.tw/Profile/ReGine_SH1123,2019年5月,愛玩客旅店 (萬華)Iplay Inn
我是旅行全世界房間服務觀察員評比測試員，馬來西亞華人,https://www.tripadvisor.com.tw/Profile/you565,2019年3月,愛玩客旅店 (萬華)Iplay Inn
Alex,https://www.tripadvisor.com.tw/Profile/Alexngalexng9773,2018年12月,愛玩客旅店 (萬華)Iplay Inn
TimOey,https://www.tripadvisor.com.tw/Profile/TimOey,2018年12月,愛玩客旅店 (萬華)Iplay Inn
zero cereal,https://www.tripadvisor.com.tw/Profile/zerocereal,8月10日,S Hotel Taipei (松山)
TripAdvisor 會員,https://www.tripadvisor.com.tw,8月1日,S Hotel Taipei (松山)
Mandy,https://www.tripadvisor.com.tw/Profile/Mandy0989687317,2019年7月,S Hotel Taipei (松山)
TripAdvisor 會員,https://www.tripadvisor.com.tw,2019年7月,S Hotel Taipei (松山)
Qaz68666,https://www.tripadvisor.com.tw/Profile/Qaz68666,2019年7月,S Hotel Taipei (松山)
Ccn,https://www.tripadvisor.com.tw/Profile/zxcvbnmasdfghjklqwer,2018年12月,莎多堡奇幻旅館 (中山區)Sato Castle Motel
Hsiao-Yun Chan,https://www.tripadvisor.com.tw/Profile/HsiaoYunChan,2018年9月,莎多堡奇幻旅館 (中山區)Sato Castle Motel
Yvonne C,https://www.tripadvisor.com.tw/Profile/yvonnec25,2018年3月,莎多堡奇幻旅館 (中山區)Sato Castle Motel
MissMah,https://www.tripadvisor.com.tw/Profile/MissMah,2017年11月,莎多堡奇幻旅館 (中山區)Sato Castle Motel
清水貘,https://www.tripadvisor.com.tw/Profile/Kiyomizumo,2017年10月,莎多堡奇幻旅館 (中山區)Sato Castle Motel
Man C,https://www.tripadvisor.com.tw/Profile/nltposmv,2019年2月,帥客旅店 (中正區)Saual Keh Hotel
Fender張,https://www.tripadvisor.com.tw/Profile/Tourist810993,2018年7月,帥客旅店 (中正區)Saual Keh Hotel
sain5201112,https://www.tripadvisor.com.tw/Profile/sain5201112,2018年6月,帥客旅店 (中正區)Saual Keh Hotel
cu0418,https://www.tripadvisor.com.tw/Profile/cu0418,2018年2月,帥客旅店 (中正區)Saual Keh Hotel
Nam,https://www.tripadvisor.com.tw/Profile/mandynam,2018年1月,帥客旅店 (中正區)Saual Keh Hotel
TripAdvisor 會員,https://www.tripadvisor.com.tw,2019年7月,樂客商旅 (中正區)Look Hotel
SuAntonis,https://www.tripadvisor.com.tw/Profile/SuAntonis,2019年6月,樂客商旅 (中正區)Look Hotel
Kael,https://www.tripadvisor.com.tw/Profile/KAELadventures,2019年5月,樂客商旅 (中正區)Look Hotel
JJ CHEN,https://www.tripadvisor.com.tw/Profile/jjchen1116,2019年5月,樂客商旅 (中正區)Look Hotel
我是旅行全世界房間服務觀察員評比測試員，馬來西亞華人,https://www.tripadvisor.com.tw/Profile/you565,2019年4月,樂客商旅 (中正區)Look Hotel
floating_snowflake,https://www.tripadvisor.com.tw/Profile/floating_snowflake,2019年6月,東門旅店 (中正區)Dongmen Hotel
佳駿 江,https://www.tripadvisor.com.tw/Profile/ChiaChun,2017年12月,東門旅店 (中正區)Dongmen Hotel
chihua2015,https://www.tripadvisor.com.tw/Profile/chihua2015,2017年11月,東門旅店 (中正區)Dongmen Hotel
kaochi432,https://www.tripadvisor.com.tw/Profile/kaochi432,2017年10月,東門旅店 (中正區)Dongmen Hotel
c7892326,https://www.tripadvisor.com.tw/Profile/c7892326,2017年10月,東門旅店 (中正區)Dongmen Hotel
GaussLin,https://www.tripadvisor.com.tw/Profile/GaussLin,2019年5月,沃田旅店 (士林)Mellow Fields Hotel
GinniHuang,https://www.tripadvisor.com.tw/Profile/GinniHuang,2019年3月,沃田旅店 (士林)Mellow Fields Hotel
JiaJia,https://www.tripadvisor.com.tw/Profile/yoko19911118,2019年3月,沃田旅店 (士林)Mellow Fields Hotel
juifan,https://www.tripadvisor.com.tw/Profile/juifan,2019年3月,沃田旅店 (士林)Mellow Fields Hotel
寶寶崎,https://www.tripadvisor.com.tw/Profile/Passport3345678,2019年2月,沃田旅店 (士林)Mellow Fields Hotel
小酷,https://www.tripadvisor.com.tw/Profile/Connector808832,8月6日,洛碁大飯店南港館Green World Hotel Nangang
Hung-Kuang Chen,https://www.tripadvisor.com.tw/Profile/hankchentw,2019年5月,洛碁大飯店南港館Green World Hotel Nangang
Jeff D,https://www.tripadvisor.com.tw/Profile/jeffdR7701JZ,2019年4月,洛碁大飯店南港館Green World Hotel Nangang
ALBERT UFO,https://www.tripadvisor.com.tw/Profile/ALBERTH1688,2019年1月,洛碁大飯店南港館Green World Hotel Nangang
William S,https://www.tripadvisor.com.tw/Profile/williamsT9592WW,2018年7月,洛碁大飯店南港館Green World Hotel Nangang
raychan,https://www.tripadvisor.com.tw/Profile/909chanr,2019年6月,大可居青年旅館 (萬華)Ximen Duckstay Hostel
耀杰陳,https://www.tripadvisor.com.tw/Profile/Navigator809163,2019年5月,大可居青年旅館 (萬華)Ximen Duckstay Hostel
shyong,https://www.tripadvisor.com.tw/Profile/bigshyong,2019年5月,大可居青年旅館 (萬華)Ximen Duckstay Hostel
我是旅行全世界房間服務觀察員評比測試員，馬來西亞華人,https://www.tripadvisor.com.tw/Profile/you565,2019年4月,大可居青年旅館 (萬華)Ximen Duckstay Hostel
yetzkie,https://www.tripadvisor.com.tw/Profile/yetzkie,2019年2月,大可居青年旅館 (萬華)Ximen Duckstay Hostel
Lily Pan,https://www.tripadvisor.com.tw/Profile/lily0818,8月7日,星美休閒飯店 (士林)Beauty Hotels Taipei - Starbeauty Resort
樂仁 音,https://www.tripadvisor.com.tw/Profile/G8034JY_,2019年6月,星美休閒飯店 (士林)Beauty Hotels Taipei - Starbeauty Resort
grace454,https://www.tripadvisor.com.tw/Profile/grace454,2019年1月,星美休閒飯店 (士林)Beauty Hotels Taipei - Starbeauty Resort
典熹 謝,https://www.tripadvisor.com.tw/Profile/Storyteller812844,2018年9月,星美休閒飯店 (士林)Beauty Hotels Taipei - Starbeauty Resort
亞辰 蔣,https://www.tripadvisor.com.tw/Profile/Getaway812729,2018年9月,星美休閒飯店 (士林)Beauty Hotels Taipei - Starbeauty Resort
小紅帽,https://www.tripadvisor.com.tw/Profile/mink2058,8月6日,皇家季節酒店北投溫泉館Royal Seasons Hotel (Hot Spring Beitou)
HAO,https://www.tripadvisor.com.tw/Profile/Sightsee700627,2019年7月,皇家季節酒店北投溫泉館Royal Seasons Hotel (Hot Spring Beitou)
butlrut,https://www.tripadvisor.com.tw/Profile/butlrut,2019年3月,皇家季節酒店北投溫泉館Royal Seasons Hotel (Hot Spring Beitou)
YachuChan,https://www.tripadvisor.com.tw/Profile/YachuChan,2019年2月,皇家季節酒店北投溫泉館Royal Seasons Hotel (Hot Spring Beitou)
YuShunLiao,https://www.tripadvisor.com.tw/Profile/YuShunLiao,2019年2月,皇家季節酒店北投溫泉館Royal Seasons Hotel (Hot Spring Beitou)
Yuki Liu,https://www.tripadvisor.com.tw/Profile/yukiliu0307,2019年7月,南港老爺行旅The Place Taipei
552yingruc,https://www.tripadvisor.com.tw/Profile/552yingruc,2019年5月,南港老爺行旅The Place Taipei
Mary,https://www.tripadvisor.com.tw/Profile/marykuo,2019年5月,南港老爺行旅The Place Taipei
Explorer61470489742,https://www.tripadvisor.com.tw/Profile/Explorer61470489742,2019年5月,南港老爺行旅The Place Taipei
Quest11868951321,https://www.tripadvisor.com.tw/Profile/Quest11868951321,2019年5月,南港老爺行旅The Place Taipei
cksbmaya,https://www.tripadvisor.com.tw/Profile/cksbmaya,2019年4月,東龍大飯店 (萬華)East Dragon Hotel
Storyteller823022,https://www.tripadvisor.com.tw/Profile/Storyteller823022,2018年10月,東龍大飯店 (萬華)East Dragon Hotel
Horacehei,https://www.tripadvisor.com.tw/Profile/Horacehei,2019年1月,東龍大飯店 (萬華)East Dragon Hotel
venuschan,https://www.tripadvisor.com.tw/Profile/venuschan,2019年1月,東龍大飯店 (萬華)East Dragon Hotel
KmIt13,https://www.tripadvisor.com.tw/Profile/KmIt13,2018年12月,東龍大飯店 (萬華)East Dragon Hotel
irishsu01,https://www.tripadvisor.com.tw/Profile/irishsu01,2019年1月,中源大飯店 (大同)New Continental Hotel
Linsue C,https://www.tripadvisor.com.tw/Profile/ChiamingChen,2018年2月,中源大飯店 (大同)New Continental Hotel
helloamytoh,https://www.tripadvisor.com.tw/Profile/helloamytoh,2017年5月,中源大飯店 (大同)New Continental Hotel
Triumphanttrekker,https://www.tripadvisor.com.tw/Profile/Triumphanttrekker,2017年3月,中源大飯店 (大同)New Continental Hotel
Chi H,https://www.tripadvisor.com.tw/Profile/ChiH73,2017年2月,中源大飯店 (大同)New Continental Hotel
論 論,https://www.tripadvisor.com.tw/Profile/BoardingPass668436,2019年7月,洛碁大飯店松山館 (南港)Green World Hotel Songshan
Nelly,https://www.tripadvisor.com.tw/Profile/aptx4869n,2019年6月,洛碁大飯店松山館 (南港)Green World Hotel Songshan
Sujata W,https://www.tripadvisor.com.tw/Profile/sujataw2017,2019年6月,洛碁大飯店松山館 (南港)Green World Hotel Songshan
BCONG,https://www.tripadvisor.com.tw/Profile/BCONG,2019年2月,洛碁大飯店松山館 (南港)Green World Hotel Songshan
Mary,https://www.tripadvisor.com.tw/Profile/MaryW3562,2019年2月,洛碁大飯店松山館 (南港)Green World Hotel Songshan
Kit,https://www.tripadvisor.com.tw/Profile/kitkit0127,8月7日,宜家商旅 - 拉邁森酒店 (內湖)La Maison Hotel
檸檬可樂,https://www.tripadvisor.com.tw/Profile/Getaway810753,2019年7月,宜家商旅 - 拉邁森酒店 (內湖)La Maison Hotel
sks868,https://www.tripadvisor.com.tw/Profile/sks868,2019年6月,宜家商旅 - 拉邁森酒店 (內湖)La Maison Hotel
delfia-hollandia,https://www.tripadvisor.com.tw/Profile/delfia-hollandia,2019年4月,宜家商旅 - 拉邁森酒店 (內湖)La Maison Hotel
Pulmbubble,https://www.tripadvisor.com.tw/Profile/sar77107,2019年3月,宜家商旅 - 拉邁森酒店 (內湖)La Maison Hotel
iccl5845,https://www.tripadvisor.com.tw/Profile/iccl5845,2019年6月,洛碁舞衣新宿-南京館 (中山區)Green World Mai - Nanjing
Andylui90,https://www.tripadvisor.com.tw/Profile/Andylui90,2019年2月,洛碁舞衣新宿-南京館 (中山區)Green World Mai - Nanjing
Averie,https://www.tripadvisor.com.tw/Profile/jij882004,2019年2月,洛碁舞衣新宿-南京館 (中山區)Green World Mai - Nanjing
英財 洪,https://www.tripadvisor.com.tw/Profile/TomHung1225,2018年12月,洛碁舞衣新宿-南京館 (中山區)Green World Mai - Nanjing
Kenny2019,https://www.tripadvisor.com.tw/Profile/Kenny2019,2018年12月,洛碁舞衣新宿-南京館 (中山區)Green World Mai - Nanjing
teowsoon,https://www.tripadvisor.com.tw/Profile/teowsoon,2019年6月,能量旅店 - 台北西門館 (萬華)Energy Inn
Cat,https://www.tripadvisor.com.tw/Profile/catcatli,2019年1月,能量旅店 - 台北西門館 (萬華)Energy Inn
DaOldFilosofer,https://www.tripadvisor.com.tw/Profile/DaOldFilosofer,2018年11月,能量旅店 - 台北西門館 (萬華)Energy Inn
jaclyn322,https://www.tripadvisor.com.tw/Profile/jaclyn322,2018年8月,能量旅店 - 台北西門館 (萬華)Energy Inn
Mayson,https://www.tripadvisor.com.tw/Profile/maysontan,2018年8月,能量旅店 - 台北西門館 (萬華)Energy Inn
hsuehpinc,https://www.tripadvisor.com.tw/Profile/hsuehpinc,8月3日,宿之酒店 (萬華)Suz & Catorze
Rchiw T,https://www.tripadvisor.com.tw/Profile/RchiwT,2019年3月,宿之酒店 (萬華)Suz & Catorze
88enjoytravel,https://www.tripadvisor.com.tw/Profile/88enjoytravel,2019年3月,宿之酒店 (萬華)Suz & Catorze
5050aaa,https://www.tripadvisor.com.tw/Profile/ssss5050,2019年3月,宿之酒店 (萬華)Suz & Catorze
Patricia,https://www.tripadvisor.com.tw/Profile/patricia721112,2019年3月,宿之酒店 (萬華)Suz & Catorze
Jen,https://www.tripadvisor.com.tw/Profile/jencmei,2019年6月,天雲旅棧 - 台北基河 (士林)Tango INN Taipei JiHe
koshiyen,https://www.tripadvisor.com.tw/Profile/koshiyen,2019年4月,天雲旅棧 - 台北基河 (士林)Tango INN Taipei JiHe
2018BeijingGourmet,https://www.tripadvisor.com.tw/Profile/2018BeijingGourmet,2018年10月,天雲旅棧 - 台北基河 (士林)Tango INN Taipei JiHe
CD O,https://www.tripadvisor.com.tw/Profile/CindyO0112,2018年5月,天雲旅棧 - 台北基河 (士林)Tango INN Taipei JiHe
wong y,https://www.tripadvisor.com.tw/Profile/wongy1158,2017年8月,天雲旅棧 - 台北基河 (士林)Tango INN Taipei JiHe
Barry W,https://www.tripadvisor.com.tw/Profile/977barryw,2019年2月,首都唯客樂飯店 (中山區)Waikoloa Hotel
fdoll,https://www.tripadvisor.com.tw/Profile/fdoll,2019年1月,首都唯客樂飯店 (中山區)Waikoloa Hotel
koivo,https://www.tripadvisor.com.tw/Profile/koivo,2018年10月,首都唯客樂飯店 (中山區)Waikoloa Hotel
Pearl C,https://www.tripadvisor.com.tw/Profile/PearlC613,2018年10月,首都唯客樂飯店 (中山區)Waikoloa Hotel
senior travelers,https://www.tripadvisor.com.tw/Profile/seniorbudget,2018年9月,首都唯客樂飯店 (中山區)Waikoloa Hotel
Hsiao-Yun Chan,https://www.tripadvisor.com.tw/Profile/HsiaoYunChan,2018年9月,國王大飯店 (中山區)Emperor Hotel
loveworld720507,https://www.tripadvisor.com.tw/Profile/loveworld720507,2018年9月,國王大飯店 (中山區)Emperor Hotel
Jenny_TDE,https://www.tripadvisor.com.tw/Profile/Jenny_TDE,2016年10月,國王大飯店 (中山區)Emperor Hotel
Gigi Y,https://www.tripadvisor.com.tw/Profile/gigiy_11,2016年8月,國王大飯店 (中山區)Emperor Hotel
Mihaly56,https://www.tripadvisor.com.tw/Profile/Mihaly56,2016年5月,國王大飯店 (中山區)Emperor Hotel
Martina,https://www.tripadvisor.com.tw/Profile/Martinakwan,2019年7月,家美飯店 (中正區)Welcome Hotel
Uday,https://www.tripadvisor.com.tw/Profile/Uday9767,2019年6月,家美飯店 (中正區)Welcome Hotel
yatin d,https://www.tripadvisor.com.tw/Profile/yatind23,2018年7月,家美飯店 (中正區)Welcome Hotel
cwl42,https://www.tripadvisor.com.tw/Profile/cwl42,2018年6月,家美飯店 (中正區)Welcome Hotel
Ricky H,https://www.tripadvisor.com.tw/Profile/831rickyh,2018年4月,家美飯店 (中正區)Welcome Hotel
TripAdvisor 會員,https://www.tripadvisor.com.tw,2019年6月,洛碁新仕界大飯店 (萬華)Green World New World Hotel
BelfastRambler,https://www.tripadvisor.com.tw/Profile/BelfastRambler,2018年7月,洛碁新仕界大飯店 (萬華)Green World New World Hotel
Iman H,https://www.tripadvisor.com.tw/Profile/831imanh,2017年4月,洛碁新仕界大飯店 (萬華)Green World New World Hotel
RichardTee,https://www.tripadvisor.com.tw/Profile/RichardTee,2017年4月,洛碁新仕界大飯店 (萬華)Green World New World Hotel
Amanda L,https://www.tripadvisor.com.tw/Profile/AmandaL6161,2016年12月,洛碁新仕界大飯店 (萬華)Green World New World Hotel
chirep,https://www.tripadvisor.com.tw/Profile/chirep,2018年11月,意芙旅店 (大同)IF Inn
Trev M,https://www.tripadvisor.com.tw/Profile/MidtourAfghanistan,2018年4月,意芙旅店 (大同)IF Inn
Nancy Teng,https://www.tripadvisor.com.tw/Profile/NancyTeng,2018年1月,意芙旅店 (大同)IF Inn
Glen B,https://www.tripadvisor.com.tw/Profile/GlenB207,2017年8月,意芙旅店 (大同)IF Inn
Jun Long L,https://www.tripadvisor.com.tw/Profile/JunLongL5,2017年2月,意芙旅店 (大同)IF Inn
adcmelb,https://www.tripadvisor.com.tw/Profile/adcmelb,2019年1月,世聯商務飯店 (中山區)Link World Hotel Taipei
Roger P,https://www.tripadvisor.com.tw/Profile/975rogerp,2018年8月,世聯商務飯店 (中山區)Link World Hotel Taipei
ritali294217,https://www.tripadvisor.com.tw/Profile/ritali294217,2016年6月,世聯商務飯店 (中山區)Link World Hotel Taipei
Tsing T,https://www.tripadvisor.com.tw/Profile/taktsing1,2016年3月,世聯商務飯店 (中山區)Link World Hotel Taipei
kawaiocha,https://www.tripadvisor.com.tw/Profile/kawaiocha,2016年2月,世聯商務飯店 (中山區)Link World Hotel Taipei
TripAdvisor 會員,https://www.tripadvisor.com.tw,2018年6月,玩味旅舍 (大同)Play Design Hotel
JasperHofman,https://www.tripadvisor.com.tw/Profile/JasperHofman,2017年11月,玩味旅舍 (大同)Play Design Hotel
Annie Wong,https://www.tripadvisor.com.tw/Profile/momoannie,2017年7月,玩味旅舍 (大同)Play Design Hotel
Reena316,https://www.tripadvisor.com.tw/Profile/Reena316,2017年2月,玩味旅舍 (大同)Play Design Hotel
ScoutScout,https://www.tripadvisor.com.tw/Profile/ScoutScout,2016年12月,玩味旅舍 (大同)Play Design Hotel
C.M. Lo,https://www.tripadvisor.com.tw/Profile/lo1111chung,2019年4月,台糖台北會館 (中正區)Taisugar Hotel Taipei
thomaskclo,https://www.tripadvisor.com.tw/Profile/thomaskclo,2019年4月,台糖台北會館 (中正區)Taisugar Hotel Taipei
Nutzzz1001,https://www.tripadvisor.com.tw/Profile/Nutzzz1001,2019年3月,台糖台北會館 (中正區)Taisugar Hotel Taipei
Jeffry b,https://www.tripadvisor.com.tw/Profile/619jeffry,2019年1月,台糖台北會館 (中正區)Taisugar Hotel Taipei
Audrey Y,https://www.tripadvisor.com.tw/Profile/audreyy998,2018年12月,台糖台北會館 (中正區)Taisugar Hotel Taipei
Getaway65409479018,https://www.tripadvisor.com.tw/Profile/Getaway65409479018,2018年11月,星盒青年旅館 (大同)Starbox Hostel
WYC88,https://www.tripadvisor.com.tw/Profile/WYC88,2018年8月,星盒青年旅館 (大同)Starbox Hostel
婷雅楊2018,https://www.tripadvisor.com.tw/Profile/Destination804279,2018年8月,星盒青年旅館 (大同)Starbox Hostel
gwo j,https://www.tripadvisor.com.tw/Profile/gwoj2,2018年7月,星盒青年旅館 (大同)Starbox Hostel
lingggyl,https://www.tripadvisor.com.tw/Profile/lingggyl,2018年5月,星盒青年旅館 (大同)Starbox Hostel
Susanna Luen,https://www.tripadvisor.com.tw/Profile/susannaluen0214,2019年3月,城美大飯店 (中正區)Chair Man Hotel
nana6789,https://www.tripadvisor.com.tw/Profile/nana6789,2018年10月,城美大飯店 (中正區)Chair Man Hotel
smallsmallshark102,https://www.tripadvisor.com.tw/Profile/smallsmallshark102,2017年12月,城美大飯店 (中正區)Chair Man Hotel
adconvey,https://www.tripadvisor.com.tw/Profile/adconvey,2017年10月,城美大飯店 (中正區)Chair Man Hotel
Pingcham,https://www.tripadvisor.com.tw/Profile/Pingcham,2017年8月,城美大飯店 (中正區)Chair Man Hotel
Niranjanbi,https://www.tripadvisor.com.tw/Profile/Niranjanbi,2019年6月,大師會館 (大同)Master Hotel
我是旅行全世界房間服務觀察員評比測試員，馬來西亞華人,https://www.tripadvisor.com.tw/Profile/you565,2019年3月,大師會館 (大同)Master Hotel
wai01204,https://www.tripadvisor.com.tw/Profile/wai01204,2019年3月,大師會館 (大同)Master Hotel
joanhui02,https://www.tripadvisor.com.tw/Profile/joanhui02,2019年1月,大師會館 (大同)Master Hotel
Packy C,https://www.tripadvisor.com.tw/Profile/106packyc,2018年12月,大師會館 (大同)Master Hotel
sarahcheung523,https://www.tripadvisor.com.tw/Profile/sarahcheung523,2019年7月,窩客國際旅館 北車館 (中正區)Work Inn TPE
cateyesmile,https://www.tripadvisor.com.tw/Profile/cateyesmile,2019年6月,窩客國際旅館 北車館 (中正區)Work Inn TPE
維 子,https://www.tripadvisor.com.tw/Profile/Trek809848,2019年3月,窩客國際旅館 北車館 (中正區)Work Inn TPE
卡哩叩叩,https://www.tripadvisor.com.tw/Profile/FrequentFlier807429,2019年3月,窩客國際旅館 北車館 (中正區)Work Inn TPE
sarahcheung523,https://www.tripadvisor.com.tw/Profile/sarahcheung523,2018年12月,窩客國際旅館 北車館 (中正區)Work Inn TPE
Liu L,https://www.tripadvisor.com.tw/Profile/434liul,2018年10月,士林青年旅館Mono Hostel
恩汝 董,https://www.tripadvisor.com.tw/Profile/Relax408754,2018年7月,士林青年旅館Mono Hostel
峻瑋 郭,https://www.tripadvisor.com.tw/Profile/DayTrip785187,2018年7月,士林青年旅館Mono Hostel
Conrad K,https://www.tripadvisor.com.tw/Profile/conradk510,2017年11月,士林青年旅館Mono Hostel
欣 洪,https://www.tripadvisor.com.tw/Profile/Passenger740045,2017年11月,士林青年旅館Mono Hostel
yu francesca,https://www.tripadvisor.com.tw/Profile/Francesca_Yu38,2019年6月,陽明山中國麗致大飯店 (士林)The Landis Resort Yangmingshan
ETgohome,https://www.tripadvisor.com.tw/Profile/elisat256,2019年6月,陽明山中國麗致大飯店 (士林)The Landis Resort Yangmingshan
Ranvier1980,https://www.tripadvisor.com.tw/Profile/Ranvier1980,2019年5月,陽明山中國麗致大飯店 (士林)The Landis Resort Yangmingshan
JWONG_travel,https://www.tripadvisor.com.tw/Profile/JWONG_travel,2019年3月,陽明山中國麗致大飯店 (士林)The Landis Resort Yangmingshan
250jenj,https://www.tripadvisor.com.tw/Profile/250jenj,2019年1月,陽明山中國麗致大飯店 (士林)The Landis Resort Yangmingshan
M00N,https://www.tripadvisor.com.tw/Profile/M00N1210,2019年7月,豪景大酒店新館 (萬華)New Riverview Suites
spiv005,https://www.tripadvisor.com.tw/Profile/spiv005,2019年4月,豪景大酒店新館 (萬華)New Riverview Suites
KEita,https://www.tripadvisor.com.tw/Profile/KEitaPL1811,2019年1月,豪景大酒店新館 (萬華)New Riverview Suites
Alvin K,https://www.tripadvisor.com.tw/Profile/676alvink,2018年11月,豪景大酒店新館 (萬華)New Riverview Suites
ayan_why,https://www.tripadvisor.com.tw/Profile/ayan_why,2018年9月,豪景大酒店新館 (萬華)New Riverview Suites
之晧 周,https://www.tripadvisor.com.tw/Profile/Passport470544,8月5日,葳皇時尚飯店 (大同)V One Hotel
K.T T,https://www.tripadvisor.com.tw/Profile/ktt2016,2019年7月,葳皇時尚飯店 (大同)V One Hotel
IRIS,https://www.tripadvisor.com.tw/Profile/Lin_iris512,2019年7月,葳皇時尚飯店 (大同)V One Hotel
Polly Wu,https://www.tripadvisor.com.tw/Profile/Scenic469168,2019年7月,葳皇時尚飯店 (大同)V One Hotel
Edward's simple travelling,https://www.tripadvisor.com.tw/Profile/Edwardstravelling111,2019年7月,葳皇時尚飯店 (大同)V One Hotel
哈哈哈,https://www.tripadvisor.com.tw/Profile/ppp5718,2018年8月,舞衣新宿中山館 (中山區)Mai Hotel Zhong Shan Branch
Jim L,https://www.tripadvisor.com.tw/Profile/CanIGoWithYou,2018年3月,舞衣新宿中山館 (中山區)Mai Hotel Zhong Shan Branch
Jambolynn,https://www.tripadvisor.com.tw/Profile/Jambolynn,2016年12月,舞衣新宿中山館 (中山區)Mai Hotel Zhong Shan Branch
dio H,https://www.tripadvisor.com.tw/Profile/dioH24,2016年9月,舞衣新宿中山館 (中山區)Mai Hotel Zhong Shan Branch
kose c,https://www.tripadvisor.com.tw/Profile/kosec,2016年8月,舞衣新宿中山館 (中山區)Mai Hotel Zhong Shan Branch
XiangHuaa,https://www.tripadvisor.com.tw/Profile/XiangHuaa,2019年7月,新客來商旅 (大同)New Stay Inn II
bighead2015,https://www.tripadvisor.com.tw/Profile/bighead2015,2019年4月,新客來商旅 (大同)New Stay Inn II
Fai T,https://www.tripadvisor.com.tw/Profile/FaiT_12,2019年4月,新客來商旅 (大同)New Stay Inn II
yinhsin,https://www.tripadvisor.com.tw/Profile/yinhsin,2019年1月,新客來商旅 (大同)New Stay Inn II
westcc,https://www.tripadvisor.com.tw/Profile/westcc,2019年1月,新客來商旅 (大同)New Stay Inn II
Richard T,https://www.tripadvisor.com.tw/Profile/147richardt,2018年4月,台北國際飯店 (中山區)Taipei International Hotel
Linda K,https://www.tripadvisor.com.tw/Profile/LindaK1073,2017年11月,台北國際飯店 (中山區)Taipei International Hotel
103小姐,https://www.tripadvisor.com.tw/Profile/Traveler815418,2016年2月,台北國際飯店 (中山區)Taipei International Hotel
756lauraw,https://www.tripadvisor.com.tw/Profile/756lauraw,2016年1月,台北國際飯店 (中山區)Taipei International Hotel
Brianjohnfergudon,https://www.tripadvisor.com.tw/Profile/Brianjohnfergudon,2015年2月,台北國際飯店 (中山區)Taipei International Hotel
TripAdvisor 會員,https://www.tripadvisor.com.tw,2018年6月,玩味旅舍 (大同)Play Design Hotel
JasperHofman,https://www.tripadvisor.com.tw/Profile/JasperHofman,2017年11月,玩味旅舍 (大同)Play Design Hotel
Annie Wong,https://www.tripadvisor.com.tw/Profile/momoannie,2017年7月,玩味旅舍 (大同)Play Design Hotel
Reena316,https://www.tripadvisor.com.tw/Profile/Reena316,2017年2月,玩味旅舍 (大同)Play Design Hotel
ScoutScout,https://www.tripadvisor.com.tw/Profile/ScoutScout,2016年12月,玩味旅舍 (大同)Play Design Hotel
318carmeny,https://www.tripadvisor.com.tw/Profile/318carmeny,2019年6月,"五行旅店-台北．旅樹 (大同)Five Elements Hostel, Taipei"
Edward H,https://www.tripadvisor.com.tw/Profile/EdwardH2208,2019年1月,"五行旅店-台北．旅樹 (大同)Five Elements Hostel, Taipei"
Fender張,https://www.tripadvisor.com.tw/Profile/Tourist810993,2018年12月,"五行旅店-台北．旅樹 (大同)Five Elements Hostel, Taipei"
Rei C,https://www.tripadvisor.com.tw/Profile/ReiC49,2018年8月,"五行旅店-台北．旅樹 (大同)Five Elements Hostel, Taipei"
楊 植,https://www.tripadvisor.com.tw/Profile/Daydream801898,2018年8月,"五行旅店-台北．旅樹 (大同)Five Elements Hostel, Taipei"
DayTrip821858,https://www.tripadvisor.com.tw/Profile/DayTrip821858,2018年10月,三隻老虎青年旅舍 (萬華)Triple Tiger Hostel
abcasd,https://www.tripadvisor.com.tw/Profile/abcasd,2017年10月,三隻老虎青年旅舍 (萬華)Triple Tiger Hostel
SarahSchad,https://www.tripadvisor.com.tw/Profile/SarahSchad,2017年6月,三隻老虎青年旅舍 (萬華)Triple Tiger Hostel
Marlon S,https://www.tripadvisor.com.tw/Profile/marlons902,2016年12月,三隻老虎青年旅舍 (萬華)Triple Tiger Hostel
LAO CI,https://www.tripadvisor.com.tw/Profile/ONGIONG,2016年12月,三隻老虎青年旅舍 (萬華)Triple Tiger Hostel
ɭɥǝǝรɭǝเ,https://www.tripadvisor.com.tw/Profile/aihee,2019年7月,高絲旅時尚旅館 - 漢口館 (萬華)Go Sleep Hotel - Hankou
babytigger,https://www.tripadvisor.com.tw/Profile/babytigger,2019年7月,高絲旅時尚旅館 - 漢口館 (萬華)Go Sleep Hotel - Hankou
conniechung,https://www.tripadvisor.com.tw/Profile/kasconnie,2019年6月,高絲旅時尚旅館 - 漢口館 (萬華)Go Sleep Hotel - Hankou
jermummy,https://www.tripadvisor.com.tw/Profile/jermummy,2019年5月,高絲旅時尚旅館 - 漢口館 (萬華)Go Sleep Hotel - Hankou
444,https://www.tripadvisor.com.tw/Profile/4444444YES,2019年4月,高絲旅時尚旅館 - 漢口館 (萬華)Go Sleep Hotel - Hankou
Lian,https://www.tripadvisor.com.tw/Profile/Lian0418,2019年3月,東門3號膠囊旅店 (中正區)Dongmen 3 Capsule Inn
Chingwei L,https://www.tripadvisor.com.tw/Profile/247chingweil,2018年1月,東門3號膠囊旅店 (中正區)Dongmen 3 Capsule Inn
Anthony0912,https://www.tripadvisor.com.tw/Profile/Anthony0912,2018年1月,東門3號膠囊旅店 (中正區)Dongmen 3 Capsule Inn
pheinee,https://www.tripadvisor.com.tw/Profile/pheinee,2017年12月,東門3號膠囊旅店 (中正區)Dongmen 3 Capsule Inn
Doris C,https://www.tripadvisor.com.tw/Profile/dorisc443,2017年6月,東門3號膠囊旅店 (中正區)Dongmen 3 Capsule Inn
