district,sign,address,square,zone,n1,n2,date,stuff,level,floor,state,use,material,complete,area,room,hall,health,compartmented,manage,price,square price,park,park_size,park_price,note,sId
北屯區,房地(土地+建物)+車位,軍福段91~120地號,9.41,商,,,1070926,土地1建物1車位1,八層,15,住宅大樓(11層含以上有電梯),住家用,鋼筋混凝土造,,88.76,2,1,1,有,無,5250000,63646,坡道機械,15.7,600000,,RPROMLPKNHOFFBB28CB
北屯區,房地(土地+建物)+車位,軍福段91~120地號,9.41,商,,,1070918,土地1建物1車位1,十一層,15,住宅大樓(11層含以上有電梯),住家用,鋼筋混凝土造,,86.7,2,1,1,有,無,5030000,61244,坡道機械,13.55,550000,,RPTOMLPKNHOFFBB48CB
北屯區,房地(土地+建物)+車位,軍福段91~120地號,9.41,商,,,1070913,土地1建物1車位1,十二層,15,住宅大樓(11層含以上有電梯),住家用,鋼筋混凝土造,,86.7,2,1,1,有,無,5180000,62611,坡道機械,13.55,600000,,RPUOMLPKNHOFFBB58CB
北屯區,房地(土地+建物)+車位,軍福段91~120地號,9.41,商,,,1070712,土地1建物1車位1,十三層,15,住宅大樓(11層含以上有電梯),住家用,鋼筋混凝土造,,86.7,2,1,1,有,無,5250000,62884,坡道機械,13.55,650000,,RPOPMLPKNHOFFBB08CB
北屯區,房地(土地+建物)+車位,軍福段91~120地號,9.41,商,,,1070926,土地1建物1車位1,十四層,15,住宅大樓(11層含以上有電梯),住家用,鋼筋混凝土造,,88.85,2,1,1,有,無,4280000,50308,坡道機械,15.7,600000,,RPPPMLPKNHOFFBB18CB
北屯區,房地(土地+建物)+車位,軍福段91~120地號,9.55,商,,,1070523,土地1建物1車位1,十五層,15,住宅大樓(11層含以上有電梯),住家用,鋼筋混凝土造,,96.35,2,1,1,有,無,6270000,69993,坡道平面,23.2,1150000,,RPVPMLPKNHOFFBB78CB
北屯區,房地(土地+建物)+車位,軍福段91~120地號,14.61,商,,,1070130,土地1建物1車位1,一層,15,住宅大樓(11層含以上有電梯),住家用,鋼筋混凝土造,,130.93,3,2,2,有,無,10050000,81479,坡道機械,16.79,750000,,RPPQMLPKNHOFFBB28CB
北屯區,房地(土地+建物)+車位,軍福段91~120地號,14.61,商,,,1071001,土地1建物1車位1,二層,15,住宅大樓(11層含以上有電梯),住家用,鋼筋混凝土造,,129.47,3,2,2,有,無,6750000,53485,坡道機械,13.55,550000,,RPQQMLPKNHOFFBB38CB
北屯區,房地(土地+建物)+車位,軍福段91~120地號,14.61,商,,,1070921,土地1建物1車位1,三層,15,住宅大樓(11層含以上有電梯),住家用,鋼筋混凝土造,,129.47,3,2,2,有,無,7000000,55210,坡道機械,13.55,600000,,RPRQMLPKNHOFFBB48CB
北屯區,房地(土地+建物)+車位,軍福段91~120地號,14.75,商,,,1071119,土地1建物1車位1,四層,15,住宅大樓(11層含以上有電梯),住家用,鋼筋混凝土造,,137.06,3,2,2,有,無,7630000,56332,坡道平面,21.14,1100000,,RPTQMLPKNHOFFBB68CB
梧棲區,房地(土地+建物)+車位,梧棲段2821~2850地號,0.06,商,,,1070910,土地1建物1車位1,八層,15,住宅大樓(11層含以上有電梯),住家用,鋼筋混凝土造,,91.68,2,2,1,有,無,4390000,58377,坡道平面,31.04,850000,,RPWNMLPKNHOFFFB09CB
北屯區,房地(土地+建物)+車位,軍福段91~120地號,14.75,商,,,1070126,土地1建物1車位1,六層,15,住宅大樓(11層含以上有電梯),住家用,鋼筋混凝土造,,139.12,3,2,2,有,無,8650000,64268,坡道平面,23.2,1200000,,RPUNMLRKNHOFFBB68CB
北屯區,房地(土地+建物)+車位,軍福段91~120地號,14.75,商,,,1070205,土地1建物1車位1,七層,15,住宅大樓(11層含以上有電梯),住家用,鋼筋混凝土造,,139.12,3,2,2,有,無,8770000,65304,坡道平面,23.2,1200000,,RPWNMLRKNHOFFBB88CB
北屯區,房地(土地+建物)+車位,軍福段91~120地號,14.75,商,,,1070921,土地1建物1車位1,九層,15,住宅大樓(11層含以上有電梯),住家用,鋼筋混凝土造,,139.12,3,2,2,有,無,8410000,62629,坡道平面,23.2,1150000,,RPXNMLRKNHOFFBB98CB
北屯區,房地(土地+建物)+車位,軍福段91~120地號,14.75,商,,,1070816,土地1建物1車位1,十一層,15,住宅大樓(11層含以上有電梯),住家用,鋼筋混凝土造,,139.12,3,2,2,有,無,8460000,62629,坡道平面,23.2,1200000,,RPOOMLRKNHOFFBB18CB
北屯區,房地(土地+建物)+車位,軍福段91~120地號,14.61,商,,,1070426,土地1建物1車位1,十二層,15,住宅大樓(11層含以上有電梯),住家用,鋼筋混凝土造,,131.62,3,2,2,有,無,7450000,58661,坡道機械,15.7,650000,,RPPOMLRKNHOFFBB28CB
北屯區,房地(土地+建物)+車位,軍福段91~120地號,14.75,商,,,1070920,土地1建物1車位1,十三層,15,住宅大樓(11層含以上有電梯),住家用,鋼筋混凝土造,,139.12,3,2,2,有,無,8310000,61767,坡道平面,23.2,1150000,,RPROMLRKNHOFFBB48CB
北屯區,房地(土地+建物)+車位,軍福段91~120地號,14.75,商,,,1071009,土地1建物1車位1,十四層,15,住宅大樓(11層含以上有電梯),住家用,鋼筋混凝土造,,139.12,3,2,2,有,無,8540000,63320,坡道平面,23.2,1200000,,RPUOMLRKNHOFFBB78CB
北屯區,房地(土地+建物)+車位,軍福段91~120地號,14.33,商,,,1071001,土地1建物1車位1,二層,15,住宅大樓(11層含以上有電梯),住家用,鋼筋混凝土造,,135.79,3,2,2,有,無,7750000,58620,坡道平面,23.2,1150000,,RPWOMLRKNHOFFBB98CB
北屯區,房地(土地+建物)+車位,軍福段91~120地號,14.33,商,,,1070510,土地1建物1車位1,三層,15,住宅大樓(11層含以上有電梯),住家用,鋼筋混凝土造,,135.79,3,2,2,有,無,8100000,61728,坡道平面,23.2,1150000,,RPSPMLRKNHOFFBB68CB
北屯區,房地(土地+建物)+車位,軍福段91~120地號,14.19,商,,,1070613,土地1建物1車位1,四層,15,住宅大樓(11層含以上有電梯),住家用,鋼筋混凝土造,,126.14,3,2,2,有,無,7050000,56843,坡道機械,13.55,650000,,RPUPMLRKNHOFFBB88CB
北屯區,房地(土地+建物)+車位,軍福段91~120地號,14.33,商,,,1071018,土地1建物1車位1,六層,15,住宅大樓(11層含以上有電梯),住家用,鋼筋混凝土造,,135.79,3,2,2,有,無,7850000,59508,坡道平面,23.2,1150000,,RPWPMLRKNHOFFBB09CB
北屯區,房地(土地+建物)+車位,軍福段91~120地號,14.19,商,,,1070704,土地1建物1車位1,十三層,15,住宅大樓(11層含以上有電梯),住家用,鋼筋混凝土造,,129.38,3,2,2,有,無,7850000,63061,坡道機械,16.79,750000,,RPXPMLRKNHOFFBB56CB
北屯區,房地(土地+建物),軍福段91~120地號,10.12,商,,,1070427,土地1建物1車位0,二層,15,住宅大樓(11層含以上有電梯),住家用,鋼筋混凝土造,,81.04,2,1,1,有,無,4300000,53060,,0.0,0,,RPOQMLRKNHOFFBB38CB
北屯區,房地(土地+建物)+車位,軍福段91~120地號,10.26,商,,,1070115,土地1建物1車位1,三層,15,住宅大樓(11層含以上有電梯),住家用,鋼筋混凝土造,,94.59,2,1,1,有,無,5650000,61698,坡道機械,13.55,650000,,RPPQMLRKNHOFFBB48CB
北屯區,房地(土地+建物)+車位,軍福段91~120地號,10.26,商,,,1070612,土地1建物1車位1,四層,15,住宅大樓(11層含以上有電梯),住家用,鋼筋混凝土造,,94.59,2,1,1,有,無,5550000,60464,坡道機械,13.55,650000,,RPQQMLRKNHOFFBB58CB
北屯區,房地(土地+建物)+車位,軍福段91~120地號,10.4,商,,,1070528,土地1建物1車位1,五層,15,住宅大樓(11層含以上有電梯),住家用,鋼筋混凝土造,,102.18,2,1,1,有,無,6650000,68485,坡道平面,21.14,1100000,,RPTQMLRKNHOFFBB88CB
北屯區,房地(土地+建物)+車位,軍福段91~120地號,10.26,商,,,1070620,土地1建物1車位1,六層,15,住宅大樓(11層含以上有電梯),住家用,鋼筋混凝土造,,97.83,2,1,1,有,無,5850000,62932,坡道機械,16.79,750000,,RPUQMLRKNHOFFBB98CB
北屯區,房地(土地+建物)+車位,軍福段91~120地號,10.26,商,,,1070523,土地1建物1車位1,七層,15,住宅大樓(11層含以上有電梯),住家用,鋼筋混凝土造,,94.59,2,1,1,有,無,5830000,63919,坡道機械,13.55,650000,,RPVQMLRKNHOFFBB09CB
北屯區,房地(土地+建物)+車位,軍福段91~120地號,10.26,商,,,1070927,土地1建物1車位1,八層,15,住宅大樓(11層含以上有電梯),住家用,鋼筋混凝土造,,96.74,2,1,1,有,無,5700000,62932,坡道機械,15.7,600000,,RPWQMLRKNHOFFBB56CB
北屯區,房地(土地+建物)+車位,軍福段91~120地號,10.26,商,,,1070612,土地1建物1車位1,九層,15,住宅大樓(11層含以上有電梯),住家用,鋼筋混凝土造,,94.59,2,1,1,有,無,5700000,62932,坡道機械,13.55,600000,,RPXQMLRKNHOFFBB66CB
中和區,房地(土地+建物)+車位,德光段751~780地號,11.48,住,,,1071120,土地1建物1車位1,十七層,24,住宅大樓(11層含以上有電梯),住家用,鋼筋混凝土造,,126.59,2,2,1,有,無,13430000,132091,坡道平面,39.68,1950000,,RPRQMLOKNHOFFHF76CB
中和區,房地(土地+建物)+車位,德光段751~780地號,11.54,住,,,1080211,土地1建物1車位1,三層,24,住宅大樓(11層含以上有電梯),住家用,鋼筋混凝土造,,127.06,2,2,1,有,無,13000000,131609,坡道平面,39.68,1500000,,RPTQMLOKNHOFFHF96CB
中和區,房地(土地+建物),德光段751~780地號,11.04,住,,,1080227,土地1建物1車位0,四層,24,住宅大樓(11層含以上有電梯),住家用,鋼筋混凝土造,,87.38,2,2,1,有,無,10200000,116732,,0.0,0,,RPUQMLOKNHOFFHF07CB
中和區,房地(土地+建物)+車位,德光段751~780地號,11.54,住,,,1070910,土地1建物1車位1,二層,24,住宅大樓(11層含以上有電梯),住家用,鋼筋混凝土造,,127.06,2,2,1,有,無,11380000,113069,坡道平面,39.68,1500000,,RPWQMLOKNHOFFHF27CB
中和區,房地(土地+建物),德光段751~780地號,11.04,住,,,1071123,土地1建物1車位0,九層,24,住宅大樓(11層含以上有電梯),住家用,鋼筋混凝土造,,87.38,2,2,1,有,無,10100000,115587,,0.0,0,,RPXQMLOKNHOFFHF37CB
中和區,房地(土地+建物)+車位,德光段751~780地號,11.54,住,,,1080228,土地1建物1車位1,十層,24,住宅大樓(11層含以上有電梯),住家用,鋼筋混凝土造,,127.06,2,2,1,有,無,12360000,124285,坡道平面,39.68,1500000,,RPORMLOKNHOFFHF56CB
中和區,房地(土地+建物)+車位,德光段751~780地號,11.54,住,,,1080316,土地1建物1車位1,十三層,24,住宅大樓(11層含以上有電梯),住家用,鋼筋混凝土造,,127.06,2,2,1,有,無,12430000,125086,坡道平面,39.68,1500000,,RPPRMLOKNHOFFHF66CB
中和區,房地(土地+建物)+車位,德光段751~780地號,12.04,住,,,1071014,土地1建物1車位2,十五層,24,住宅大樓(11層含以上有電梯),住家用,鋼筋混凝土造,,166.74,2,2,1,有,無,14870000,128977,坡道平面,79.36,3600000,,RPRRMLOKNHOFFHF86CB
中和區,房地(土地+建物),德光段751~780地號,11.04,住,,,1071210,土地1建物1車位0,十六層,24,住宅大樓(11層含以上有電梯),住家用,鋼筋混凝土造,,87.38,2,2,1,有,無,11220000,128405,,0.0,0,,RPSRMLOKNHOFFHF96CB
中和區,房地(土地+建物)+車位,德光段751~780地號,11.54,住,,,1080317,土地1建物1車位1,十七層,24,住宅大樓(11層含以上有電梯),住家用,鋼筋混凝土造,,127.06,2,2,1,有,無,12700000,127031,坡道平面,39.68,1600000,,RPTRMLOKNHOFFHF07CB
中和區,房地(土地+建物)+車位,德光段751~780地號,11.54,住,,,1080314,土地1建物1車位1,十八層,24,住宅大樓(11層含以上有電梯),住家用,鋼筋混凝土造,,127.06,2,2,1,有,無,12670000,127260,坡道平面,39.68,1550000,,RPURMLOKNHOFFHF17CB
中和區,房地(土地+建物)+車位,德光段751~780地號,11.54,住,,,1080506,土地1建物1車位1,十九層,24,住宅大樓(11層含以上有電梯),住家用,鋼筋混凝土造,,127.06,2,2,1,有,無,12860000,127718,坡道平面,39.68,1700000,,RPXRMLOKNHOFFHF47CB
中和區,房地(土地+建物)+車位,德光段751~780地號,17.74,住,,,1080317,土地1建物1車位1,二十層,24,住宅大樓(11層含以上有電梯),住家用,鋼筋混凝土造,,176.13,3,2,2,有,無,20650000,137047,坡道平面,39.68,1950000,,RPOSMLOKNHOFFHF66CB
中和區,房地(土地+建物)+車位,德光段751~780地號,16.42,住,,,1071124,土地1建物1車位1,二十一層,24,住宅大樓(11層含以上有電梯),住家用,鋼筋混凝土造,,165.69,3,2,2,有,無,19500000,138878,坡道平面,39.68,2000000,,RPPSMLOKNHOFFHF76CB
中和區,房地(土地+建物)+車位,德光段751~780地號,15.39,住,,,1080309,土地1建物1車位2,二十二層,24,住宅大樓(11層含以上有電梯),住家用,鋼筋混凝土造,,193.19,2,2,1,有,無,19100000,137925,坡道平面,79.36,3400000,,RPQSMLOKNHOFFHF86CB
中和區,房地(土地+建物)+車位,德光段751~780地號,11.44,住,,,1070910,土地1建物1車位1,二層,24,住宅大樓(11層含以上有電梯),住家用,鋼筋混凝土造,,126.24,2,2,1,有,無,11380000,114140,坡道平面,39.68,1500000,,RPRSMLOKNHOFFHF96CB
中和區,房地(土地+建物)+車位,德光段751~780地號,11.48,住,,,1071114,土地1建物1車位1,四層,24,住宅大樓(11層含以上有電梯),住家用,鋼筋混凝土造,,126.59,2,2,1,有,無,12000000,119664,坡道平面,39.68,1600000,,RPSSMLOKNHOFFHF07CB
中和區,房地(土地+建物)+車位,德光段751~780地號,11.48,住,,,1070915,土地1建物1車位1,十三層,24,住宅大樓(11層含以上有電梯),住家用,鋼筋混凝土造,,126.59,2,2,1,有,無,13300000,132896,坡道平面,39.68,1750000,,RPTSMLOKNHOFFHF17CB
中和區,房地(土地+建物)+車位,德光段751~780地號,11.48,住,,,1071104,土地1建物1車位1,十四層,24,住宅大樓(11層含以上有電梯),住家用,鋼筋混凝土造,,126.59,2,2,1,有,無,12700000,127718,坡道平面,39.68,1600000,,RPUSMLOKNHOFFHF27CB
中和區,房地(土地+建物)+車位,德光段751~780地號,11.48,住,,,1071014,土地1建物1車位1,十五層,24,住宅大樓(11層含以上有電梯),住家用,鋼筋混凝土造,,126.59,2,2,1,有,無,13580000,134967,坡道平面,39.68,1850000,,RPVSMLOKNHOFFHF37CB
中和區,房地(土地+建物)+車位,德光段751~780地號,11.48,住,,,1071022,土地1建物1車位1,十六層,24,住宅大樓(11層含以上有電梯),住家用,鋼筋混凝土造,,126.59,2,1,1,有,無,13100000,129444,坡道平面,39.68,1850000,,RPWSMLOKNHOFFHF47CB
中和區,房地(土地+建物)+車位,德光段751~780地號,9.37,住,,,1071110,土地1建物1車位2,十八層,24,住宅大樓(11層含以上有電梯),住家用,鋼筋混凝土造,,145.6,2,2,1,有,無,13500000,149457,坡道平面,79.36,3600000,,RPXSMLOKNHOFFHF57CB
中和區,房地(土地+建物)+車位,德光段751~780地號,7.3,住,,,1070925,土地1建物1車位1,十九層,24,住宅大樓(11層含以上有電梯),住家用,鋼筋混凝土造,,93.51,1,1,1,有,無,10250000,147687,坡道平面,39.68,2300000,,RPPTMLOKNHOFFHF86CB
中和區,房地(土地+建物)+車位,德光段751~780地號,7.15,住,,,1070930,土地1建物1車位1,二十層,24,住宅大樓(11層含以上有電梯),住家用,鋼筋混凝土造,,92.28,1,1,1,有,無,9650000,153042,坡道平面,39.68,1600000,,RPRTMLOKNHOFFHF07CB
中和區,房地(土地+建物)+車位,德光段751~780地號,13.14,住,,,1070930,土地1建物1車位1,二十一層,24,住宅大樓(11層含以上有電梯),住家用,鋼筋混凝土造,,139.74,3,2,1,有,無,16000000,139416,坡道平面,39.68,2050000,,RPTTMLOKNHOFFHF27CB
中和區,房地(土地+建物)+車位,德光段751~780地號,11.54,住,,,1070930,土地1建物1車位1,二十二層,24,住宅大樓(11層含以上有電梯),住家用,鋼筋混凝土造,,127.08,2,2,1,有,無,14250000,141876,坡道平面,39.68,1850000,,RPVTMLOKNHOFFHF47CB
中和區,房地(土地+建物)+車位,德光段751~780地號,10.49,住,,,1071205,土地1建物1車位1,三層,24,住宅大樓(11層含以上有電梯),住家用,鋼筋混凝土造,,118.74,2,2,1,有,無,11000000,120162,坡道平面,39.68,1500000,,RPWTMLOKNHOFFHF57CB
中和區,房地(土地+建物)+車位,德光段751~780地號,10.49,住,,,1080330,土地1建物1車位1,十三層,24,住宅大樓(11層含以上有電梯),住家用,鋼筋混凝土造,,118.74,2,2,1,有,無,12160000,129142,坡道平面,39.68,1950000,,RPQUMLOKNHOFFHF07CB
中和區,房地(土地+建物),德光段751~780地號,9.99,住,,,1080430,土地1建物1車位0,十五層,24,住宅大樓(11層含以上有電梯),住家用,鋼筋混凝土造,,79.06,2,2,1,有,無,10240000,129522,,0.0,0,,RPRUMLOKNHOFFHF17CB
中和區,房地(土地+建物)+車位,德光段751~780地號,10.49,住,,,1080502,土地1建物1車位1,十六層,24,住宅大樓(11層含以上有電梯),住家用,鋼筋混凝土造,,118.74,2,2,1,有,無,12400000,132811,坡道平面,39.68,1900000,,RPSUMLOKNHOFFHF27CB
中和區,房地(土地+建物)+車位,德光段751~780地號,10.49,住,,,1080420,土地1建物1車位1,十七層,24,住宅大樓(11層含以上有電梯),住家用,鋼筋混凝土造,,118.74,2,2,1,有,無,12550000,134075,坡道平面,39.68,1950000,,RPQVMLOKNHOFFHF17CB
中和區,房地(土地+建物)+車位,德光段751~780地號,9.49,住,,,1070921,土地1建物1車位1,十八層,24,住宅大樓(11層含以上有電梯),住家用,鋼筋混凝土造,,110.8,2,2,1,有,無,12400000,153262,坡道平面,39.68,1500000,,RPRVMLOKNHOFFHF27CB
中和區,房地(土地+建物),德光段751~780地號,7.62,住,,,1070809,土地1建物1車位0,十九層,24,住宅大樓(11層含以上有電梯),住家用,鋼筋混凝土造,,60.33,2,2,1,有,無,9480000,157136,,0.0,0,,RPSVMLOKNHOFFHF37CB
中和區,車位,德光段751~780地號,0.5,住,,,1080408,土地1建物0車位1,,24,其他,停車空間,鋼筋混凝土造,,39.68,0,0,0,有,無,1850000,,坡道平面,39.68,1850000,,RPUVMLOKNHOFFHF57CB
中和區,房地(土地+建物)+車位,德光段751~780地號,7.15,住,,,1070930,土地1建物1車位1,二十層,24,住宅大樓(11層含以上有電梯),住家用,鋼筋混凝土造,,92.28,1,1,1,有,無,9650000,153042,坡道平面,39.68,1600000,,RPVVMLOKNHOFFHF67CB
中和區,房地(土地+建物)+車位,德光段751~780地號,11.19,住,,,1071004,土地1建物1車位1,二層,24,住宅大樓(11層含以上有電梯),住家用,鋼筋混凝土造,,124.26,2,2,1,有,無,11800000,121778,坡道平面,39.68,1500000,,RPWVMLOKNHOFFHF77CB
中和區,房地(土地+建物)+車位,德光段751~780地號,10.49,住,,,1070810,土地1建物1車位1,三層,24,住宅大樓(11層含以上有電梯),住家用,鋼筋混凝土造,,118.74,2,2,1,有,無,11100000,120162,坡道平面,39.68,1600000,,RPXVMLOKNHOFFHF87CB
中和區,房地(土地+建物)+車位,德光段751~780地號,10.49,住,,,1070919,土地1建物1車位1,四層,24,住宅大樓(11層含以上有電梯),住家用,鋼筋混凝土造,,118.74,2,2,1,有,無,11900000,125854,坡道平面,39.68,1950000,,RPOWMLOKNHOFFHF07CB
中和區,房地(土地+建物)+車位,德光段751~780地號,10.49,住,,,1070807,土地1建物1車位1,十一層,24,住宅大樓(11層含以上有電梯),住家用,鋼筋混凝土造,,118.74,2,2,1,有,無,12280000,133190,坡道平面,39.68,1750000,,RPRWMLOKNHOFFHF37CB
中和區,房地(土地+建物)+車位,德光段751~780地號,10.49,住,,,1071110,土地1建物1車位1,十二層,24,住宅大樓(11層含以上有電梯),住家用,鋼筋混凝土造,,118.74,2,2,1,有,無,11840000,130154,坡道平面,39.68,1550000,,RPSWMLOKNHOFFHF47CB
中和區,房地(土地+建物)+車位,德光段751~780地號,10.49,住,,,1080420,土地1建物1車位1,十四層,24,住宅大樓(11層含以上有電梯),住家用,鋼筋混凝土造,,118.74,2,2,1,有,無,12000000,129648,坡道平面,39.68,1750000,,RPUWMLOKNHOFFHF67CB
中和區,房地(土地+建物)+車位,德光段751~780地號,10.49,住,,,1080421,土地1建物1車位1,十六層,24,住宅大樓(11層含以上有電梯),住家用,鋼筋混凝土造,,118.74,2,2,1,有,無,12230000,130028,坡道平面,39.68,1950000,,RPVWMLOKNHOFFHF77CB
中和區,房地(土地+建物)+車位,德光段751~780地號,10.49,住,,,1071025,土地1建物1車位1,十七層,24,住宅大樓(11層含以上有電梯),住家用,鋼筋混凝土造,,118.74,2,2,1,有,無,12570000,133063,坡道平面,39.68,2050000,,RPWWMLOKNHOFFHF87CB
中和區,房地(土地+建物)+車位,德光段751~780地號,9.49,住,,,1070727,土地1建物1車位1,十八層,24,住宅大樓(11層含以上有電梯),住家用,鋼筋混凝土造,,110.79,2,2,1,有,無,12880000,153706,坡道平面,39.68,1950000,,RPXWMLOKNHOFFHF97CB
中和區,房地(土地+建物)+車位,德光段751~780地號,8.13,住,,,1070905,土地1建物1車位1,十九層,24,住宅大樓(11層含以上有電梯),住家用,鋼筋混凝土造,,100.02,2,2,1,有,無,11280000,154624,坡道平面,39.68,1950000,,RPONNLOKNHOFFHF88CB
中和區,房地(土地+建物)+車位,德光段751~780地號,14.65,住,,,1080312,土地1建物1車位1,二十層,24,住宅大樓(11層含以上有電梯),住家用,鋼筋混凝土造,,151.69,3,2,1,有,無,17800000,142398,坡道平面,39.68,1850000,,RPPNNLOKNHOFFHF98CB
中和區,房地(土地+建物)+車位,德光段751~780地號,15.88,住,,,1070813,土地1建物1車位1,十八層,24,住宅大樓(11層含以上有電梯),住家用,鋼筋混凝土造,,161.4,3,2,2,有,無,19800000,147470,坡道平面,39.68,1850000,,RPQNNLOKNHOFFHF09CB
中和區,房地(土地+建物)+車位,德光段751~780地號,13.49,住,,,1071014,土地1建物1車位1,十九層,24,住宅大樓(11層含以上有電梯),住家用,鋼筋混凝土造,,143.53,3,2,1,有,無,16820000,143187,坡道平面,39.68,1950000,,RPRNNLOKNHOFFHF56CB
中和區,房地(土地+建物)+車位,德光段751~780地號,18.08,住,,,1070910,土地1建物1車位1,三層,24,住宅大樓(11層含以上有電梯),住家用,鋼筋混凝土造,,178.82,3,2,2,有,無,17560000,114705,坡道平面,39.68,1600000,,RPTNNLOKNHOFFHF76CB
中和區,房地(土地+建物)+車位,德光段751~780地號,14.34,住,,,1070809,土地1建物1車位1,八層,24,住宅大樓(11層含以上有電梯),住家用,鋼筋混凝土造,,149.25,3,2,1,有,無,15390000,122661,坡道平面,39.68,1950000,,RPUNNLOKNHOFFHF86CB
中和區,房地(土地+建物)+車位,德光段751~780地號,14.8,住,,,1070730,土地1建物1車位1,十一層,24,住宅大樓(11層含以上有電梯),住家用,鋼筋混凝土造,,152.9,3,2,1,有,無,15660000,122858,坡道平面,39.68,1750000,,RPVNNLOKNHOFFHF96CB
中和區,房地(土地+建物)+車位,德光段751~780地號,14.8,住,,,1071207,土地1建物1車位1,十五層,24,住宅大樓(11層含以上有電梯),住家用,鋼筋混凝土造,,152.9,3,2,1,有,無,15480000,122593,坡道平面,39.68,1600000,,RPXNNLOKNHOFFHF17CB
中和區,房地(土地+建物),德光段751~780地號,14.3,住,,,1071207,土地1建物1車位0,十六層,24,住宅大樓(11層含以上有電梯),住家用,鋼筋混凝土造,,113.22,3,2,1,有,無,13880000,122593,,0.0,0,,RPOONLOKNHOFFHF98CB
中和區,房地(土地+建物)+車位,德光段751~780地號,14.8,住,,,1080123,土地1建物1車位1,十七層,24,住宅大樓(11層含以上有電梯),住家用,鋼筋混凝土造,,152.9,3,2,1,有,無,15800000,122328,坡道平面,39.68,1950000,,RPPONLOKNHOFFHF09CB
中和區,房地(土地+建物)+車位,德光段751~780地號,14.8,住,,,1080108,土地1建物1車位1,十八層,24,住宅大樓(11層含以上有電梯),住家用,鋼筋混凝土造,,152.9,3,2,1,有,無,15750000,121887,坡道平面,39.68,1950000,,RPQONLOKNHOFFHF56CB
中和區,房地(土地+建物),德光段751~780地號,14.3,住,,,1080227,土地1建物1車位0,十九層,24,住宅大樓(11層含以上有電梯),住家用,鋼筋混凝土造,,113.22,3,2,1,有,無,14200000,125420,,0.0,0,,RPRONLOKNHOFFHF66CB
中和區,房地(土地+建物)+車位,德光段751~780地號,14.8,住,,,1080312,土地1建物1車位1,二十層,24,住宅大樓(11層含以上有電梯),住家用,鋼筋混凝土造,,152.9,3,2,1,有,無,16150000,124536,坡道平面,39.68,2050000,,RPSONLOKNHOFFHF76CB
中和區,房地(土地+建物),德光段751~780地號,14.3,住,,,1080310,土地1建物1車位0,二十一層,24,住宅大樓(11層含以上有電梯),住家用,鋼筋混凝土造,,113.22,3,2,1,有,無,14210000,125508,,0.0,0,,RPTONLOKNHOFFHF86CB
中和區,房地(土地+建物)+車位,德光段751~780地號,14.8,住,,,1080407,土地1建物1車位1,二十二層,24,住宅大樓(11層含以上有電梯),住家用,鋼筋混凝土造,,152.9,3,2,1,有,無,16100000,125861,坡道平面,39.68,1850000,,RPUONLOKNHOFFHF96CB
中和區,房地(土地+建物)+車位,德光段751~780地號,14.8,住,,,1080308,土地1建物1車位1,二十四層,24,住宅大樓(11層含以上有電梯),住家用,鋼筋混凝土造,,152.9,3,2,1,有,無,16000000,127628,坡道平面,39.68,1550000,,RPWONLOKNHOFFHF17CB
中和區,房地(土地+建物)+車位,德光段751~780地號,10.9,住,,,1070910,土地1建物1車位1,二層,24,住宅大樓(11層含以上有電梯),住家用,鋼筋混凝土造,,121.98,2,2,1,有,無,10900000,114216,坡道平面,39.68,1500000,,RPPNMLPKNHOFFHF98CB
中和區,房地(土地+建物)+車位,德光段751~780地號,10.49,住,,,1071127,土地1建物1車位1,四層,24,住宅大樓(11層含以上有電梯),住家用,鋼筋混凝土造,,118.74,2,2,1,有,無,11350000,121427,坡道平面,39.68,1750000,,RPSNMLPKNHOFFHF66CB
中和區,房地(土地+建物)+車位,德光段751~780地號,10.49,住,,,1071203,土地1建物1車位1,十層,24,住宅大樓(11層含以上有電梯),住家用,鋼筋混凝土造,,118.74,2,2,1,有,無,11450000,124589,坡道平面,39.68,1600000,,RPVNMLPKNHOFFHF96CB
中和區,房地(土地+建物),德光段751~780地號,9.99,住,,,1080202,土地1建物1車位0,十一層,24,住宅大樓(11層含以上有電梯),住家用,鋼筋混凝土造,,79.06,2,2,1,有,無,10000000,126486,,0.0,0,,RPWNMLPKNHOFFHF07CB
中和區,房地(土地+建物),德光段751~780地號,9.99,住,,,1080212,土地1建物1車位0,十二層,24,住宅大樓(11層含以上有電梯),住家用,鋼筋混凝土造,,79.06,2,2,1,有,無,10220000,129269,,0.0,0,,RPPOMLPKNHOFFHF09CB
中和區,車位,德光段751~780地號,0.5,住,,,1070910,土地1建物0車位1,,24,其他,停車空間,鋼筋混凝土造,,39.68,0,0,0,有,無,1500000,,坡道平面,39.68,1500000,,RPWOMLPKNHOFFHF17CB
中和區,房地(土地+建物)+車位,德光段751~780地號,18.0,住,,,1070806,土地1建物1車位1,十七層,24,住宅大樓(11層含以上有電梯),住家用,鋼筋混凝土造,,178.19,3,2,2,有,無,20000000,130316,坡道平面,39.68,1950000,,RPPPMLPKNHOFFHF56CB
中和區,房地(土地+建物)+車位,德光段751~780地號,10.49,住,,,1080414,土地1建物1車位1,十五層,24,住宅大樓(11層含以上有電梯),住家用,鋼筋混凝土造,,118.74,2,2,1,有,無,12250000,130281,坡道平面,39.68,1950000,,RPRPMLPKNHOFFHF76CB
中和區,房地(土地+建物)+車位,德光段751~780地號,10.49,住,,,1080307,土地1建物1車位1,十六層,24,住宅大樓(11層含以上有電梯),住家用,鋼筋混凝土造,,118.74,2,2,1,有,無,12000000,127119,坡道平面,39.68,1950000,,RPSPMLPKNHOFFHF86CB
中和區,房地(土地+建物)+車位,德光段751~780地號,10.49,住,,,1071224,土地1建物1車位1,十七層,24,住宅大樓(11層含以上有電梯),住家用,鋼筋混凝土造,,118.74,2,2,1,有,無,12200000,134075,坡道平面,39.68,1600000,,RPTPMLPKNHOFFHF96CB
中和區,房地(土地+建物)+車位,德光段751~780地號,10.49,住,,,1080331,土地1建物1車位1,十八層,24,住宅大樓(11層含以上有電梯),住家用,鋼筋混凝土造,,118.74,2,1,1,有,無,12150000,130913,坡道平面,39.68,1800000,,RPVPMLPKNHOFFHF17CB
中和區,房地(土地+建物)+車位,德光段751~780地號,10.49,住,,,1080405,土地1建物1車位1,十九層,24,住宅大樓(11層含以上有電梯),住家用,鋼筋混凝土造,,118.74,2,2,1,有,無,12350000,132811,坡道平面,39.68,1850000,,RPWPMLPKNHOFFHF27CB
中和區,房地(土地+建物),德光段751~780地號,9.99,住,,,1080410,土地1建物1車位0,二十層,24,住宅大樓(11層含以上有電梯),住家用,鋼筋混凝土造,,79.06,2,2,1,有,無,10550000,133443,,0.0,0,,RPSQMLPKNHOFFHF96CB
中和區,房地(土地+建物),德光段751~780地號,9.99,住,,,1080321,土地1建物1車位0,二十一層,24,住宅大樓(11層含以上有電梯),住家用,鋼筋混凝土造,,79.06,2,2,1,有,無,10610000,134202,,0.0,0,,RPTQMLPKNHOFFHF07CB
中和區,房地(土地+建物)+車位,德光段751~780地號,10.49,住,,,1080223,土地1建物1車位1,二十二層,24,住宅大樓(11層含以上有電梯),住家用,鋼筋混凝土造,,118.74,2,2,1,有,無,12260000,136099,坡道平面,39.68,1500000,,RPXQMLPKNHOFFHF47CB
中和區,房地(土地+建物)+車位,德光段751~780地號,10.49,住,,,1080401,土地1建物1車位1,二十三層,24,住宅大樓(11層含以上有電梯),住家用,鋼筋混凝土造,,118.74,2,2,1,有,無,12500000,133443,坡道平面,39.68,1950000,,RPORMLPKNHOFFHF66CB
中和區,房地(土地+建物)+車位,德光段751~780地號,10.9,住,,,1080215,土地1建物1車位1,二層,24,住宅大樓(11層含以上有電梯),住家用,鋼筋混凝土造,,121.98,2,2,1,有,無,11500000,121507,坡道平面,39.68,1500000,,RPPRMLPKNHOFFHF76CB
中和區,房地(土地+建物)+車位,德光段751~780地號,10.49,住,,,1071203,土地1建物1車位1,三層,24,住宅大樓(11層含以上有電梯),住家用,鋼筋混凝土造,,118.74,2,2,1,有,無,11000000,118897,坡道平面,39.68,1600000,,RPRRMLPKNHOFFHF96CB
中和區,房地(土地+建物)+車位,德光段751~780地號,10.49,住,,,1071014,土地1建物1車位1,十層,24,住宅大樓(11層含以上有電梯),住家用,鋼筋混凝土造,,118.74,2,2,1,有,無,11500000,125221,坡道平面,39.68,1600000,,RPURMLPKNHOFFHF27CB
中和區,房地(土地+建物),德光段751~780地號,9.99,住,,,1071019,土地1建物1車位0,十一層,24,住宅大樓(11層含以上有電梯),住家用,鋼筋混凝土造,,79.06,2,2,1,有,無,10000000,126486,,0.0,0,,RPWRMLPKNHOFFHF47CB
中和區,房地(土地+建物)+車位,德光段751~780地號,10.49,住,,,1070920,土地1建物1車位1,十二層,24,住宅大樓(11層含以上有電梯),住家用,鋼筋混凝土造,,118.74,2,2,1,有,無,12000000,127119,坡道平面,39.68,1950000,,RPXRMLPKNHOFFHF57CB
中和區,房地(土地+建物),德光段751~780地號,9.99,住,,,1080130,土地1建物1車位0,十三層,24,住宅大樓(11層含以上有電梯),住家用,鋼筋混凝土造,,79.06,2,2,1,有,無,10080000,127498,,0.0,0,,RPOSMLPKNHOFFHF76CB
中和區,房地(土地+建物)+車位,德光段751~780地號,10.49,住,,,1080218,土地1建物1車位1,十六層,24,住宅大樓(11層含以上有電梯),住家用,鋼筋混凝土造,,118.74,2,2,1,有,無,12000000,129648,坡道平面,39.68,1750000,,RPRSMLPKNHOFFHF07CB
中和區,車位,德光段751~780地號,0.5,住,,,1080105,土地1建物0車位1,,24,其他,停車空間,鋼筋混凝土造,,39.68,0,0,0,有,無,1600000,,坡道平面,39.68,1600000,,RPXSMLPKNHOFFHF67CB
中和區,房地(土地+建物),德光段751~780地號,9.99,住,,,1071019,土地1建物1車位0,十八層,24,住宅大樓(11層含以上有電梯),住家用,鋼筋混凝土造,,79.06,2,2,1,有,無,10350000,130913,,0.0,0,,RPPTMLPKNHOFFHF96CB
中和區,房地(土地+建物),德光段751~780地號,9.99,住,,,1080402,土地1建物1車位0,十九層,24,住宅大樓(11層含以上有電梯),住家用,鋼筋混凝土造,,79.06,2,2,1,有,無,10350000,130913,,0.0,0,,RPRTMLPKNHOFFHF17CB
中和區,房地(土地+建物)+車位,德光段751~780地號,10.49,住,,,1071026,土地1建物1車位1,二十層,24,住宅大樓(11層含以上有電梯),住家用,鋼筋混凝土造,,118.74,2,2,1,有,無,12400000,130913,坡道平面,39.68,2050000,,RPUTMLPKNHOFFHF47CB
中和區,車位,德光段751~780地號,0.5,住,,,1080414,土地1建物0車位1,,24,其他,停車空間,鋼筋混凝土造,,39.68,0,0,0,有,無,2000000,,坡道平面,39.68,2000000,,RPVTMLPKNHOFFHF57CB
中和區,房地(土地+建物),德光段751~780地號,9.99,住,,,1080321,土地1建物1車位0,二十一層,24,住宅大樓(11層含以上有電梯),住家用,鋼筋混凝土造,,79.06,2,2,1,有,無,10610000,134202,,0.0,0,,RPXTMLPKNHOFFHF77CB
中和區,房地(土地+建物)+車位,德光段751~780地號,10.49,住,,,1080502,土地1建物1車位1,二十二層,24,住宅大樓(11層含以上有電梯),住家用,鋼筋混凝土造,,118.74,2,1,1,有,無,12600000,134708,坡道平面,39.68,1950000,,RPOUMLPKNHOFFHF96CB
中和區,房地(土地+建物)+車位,德光段751~780地號,11.82,住,,,1070915,土地1建物1車位1,三層,24,住宅大樓(11層含以上有電梯),住家用,鋼筋混凝土造,,129.25,2,2,1,有,無,12310000,117897,坡道平面,39.68,1750000,,RPQUMLPKNHOFFHF17CB
中和區,房地(土地+建物),德光段751~780地號,11.28,住,,,1071025,土地1建物1車位0,二層,24,住宅大樓(11層含以上有電梯),住家用,鋼筋混凝土造,,89.24,2,2,1,有,無,10350000,115979,,0.0,0,,RPRUMLPKNHOFFHF27CB
中和區,房地(土地+建物)+車位,德光段751~780地號,11.82,住,,,1070921,土地1建物1車位1,十三層,24,住宅大樓(11層含以上有電梯),住家用,鋼筋混凝土造,,129.25,2,2,1,有,無,12870000,125823,坡道平面,39.68,1600000,,RPWUMLPKNHOFFHF77CB
中和區,房地(土地+建物)+車位,德光段751~780地號,11.82,住,,,1071027,土地1建物1車位1,十五層,24,住宅大樓(11層含以上有電梯),住家用,鋼筋混凝土造,,129.25,2,2,1,有,無,13050000,128949,坡道平面,39.68,1500000,,RPXUMLPKNHOFFHF87CB
中和區,房地(土地+建物),德光段751~780地號,14.67,住,,,1071021,土地1建物1車位0,十七層,24,住宅大樓(11層含以上有電梯),住家用,鋼筋混凝土造,,116.09,3,2,1,有,無,14750000,127057,,0.0,0,,RPOVMLPKNHOFFHF07CB
中和區,房地(土地+建物)+車位,德光段751~780地號,15.17,住,,,1080412,土地1建物1車位1,十八層,24,住宅大樓(11層含以上有電梯),住家用,鋼筋混凝土造,,155.77,3,2,1,有,無,16500000,129210,坡道平面,39.68,1500000,,RPPVMLPKNHOFFHF17CB
中和區,房地(土地+建物)+車位,德光段751~780地號,15.17,住,,,1080418,土地1建物1車位1,十九層,24,住宅大樓(11層含以上有電梯),住家用,鋼筋混凝土造,,155.77,3,2,1,有,無,16850000,128349,坡道平面,39.68,1950000,,RPQVMLPKNHOFFHF27CB
中和區,房地(土地+建物)+車位,德光段751~780地號,15.17,住,,,1080323,土地1建物1車位1,二十層,24,住宅大樓(11層含以上有電梯),住家用,鋼筋混凝土造,,155.77,3,2,1,有,無,16850000,129210,坡道平面,39.68,1850000,,RPTVMLPKNHOFFHF57CB
中和區,房地(土地+建物)+車位,德光段751~780地號,15.17,住,,,1080424,土地1建物1車位1,二十一層,24,住宅大樓(11層含以上有電梯),住家用,鋼筋混凝土造,,155.77,3,2,1,有,無,17000000,129641,坡道平面,39.68,1950000,,RPVVMLPKNHOFFHF77CB
中和區,房地(土地+建物)+車位,德光段751~780地號,15.17,住,,,1080424,土地1建物1車位1,二十二層,24,住宅大樓(11層含以上有電梯),住家用,鋼筋混凝土造,,155.77,3,2,1,有,無,17000000,130071,坡道平面,39.68,1900000,,RPWVMLPKNHOFFHF87CB
中和區,房地(土地+建物),德光段751~780地號,11.19,住,,,1071210,土地1建物1車位0,二層,24,住宅大樓(11層含以上有電梯),住家用,鋼筋混凝土造,,88.6,2,2,1,有,無,10380000,117156,,0.0,0,,RPOWMLPKNHOFFHF17CB
中和區,房地(土地+建物)+車位,德光段751~780地號,11.7,住,,,1071128,土地1建物1車位1,三層,24,住宅大樓(11層含以上有電梯),住家用,鋼筋混凝土造,,128.28,2,2,1,有,無,12000000,117381,坡道平面,39.68,1600000,,RPPWMLPKNHOFFHF27CB
中和區,房地(土地+建物)+車位,德光段751~780地號,11.7,住,,,1071010,土地1建物1車位1,八層,24,住宅大樓(11層含以上有電梯),住家用,鋼筋混凝土造,,128.28,2,2,1,有,無,13000000,124718,坡道平面,39.68,1950000,,RPQWMLPKNHOFFHF37CB
中和區,房地(土地+建物)+車位,德光段751~780地號,11.7,住,,,1071213,土地1建物1車位1,十三層,24,住宅大樓(11層含以上有電梯),住家用,鋼筋混凝土造,,128.28,2,2,1,有,無,12650000,124718,坡道平面,39.68,1600000,,RPRWMLPKNHOFFHF47CB
中和區,房地(土地+建物)+車位,德光段751~780地號,11.7,住,,,1071213,土地1建物1車位1,十五層,24,住宅大樓(11層含以上有電梯),住家用,鋼筋混凝土造,,128.28,2,2,1,有,無,12800000,126411,坡道平面,39.68,1600000,,RPSWMLPKNHOFFHF57CB
中和區,房地(土地+建物),德光段751~780地號,9.99,住,,,1080226,土地1建物1車位0,十三層,24,住宅大樓(11層含以上有電梯),住家用,鋼筋混凝土造,,79.06,2,2,1,有,無,10060000,127245,,0.0,0,,RPTWMLPKNHOFFHF67CB
三峽區,房地(土地+建物),民生段421~450地號,29.11,住,,,1070922,土地1建物1車位0,三層,5,華廈(10層含以下有電梯),住家用,鋼筋混凝土造,,84.83,2,2,1,有,無,6230000,73441,,0.0,0,,RPOOMLPKNHOFFIF09CB
三峽區,房地(土地+建物)+車位,民生段421~450地號,29.16,住,,,1070908,土地1建物1車位1,四層,5,華廈(10層含以下有電梯),住家用,鋼筋混凝土造,,94.73,2,2,1,有,無,7150000,70140,升降機械,9.9,1200000,,RPPOMLPKNHOFFIF56CB
三峽區,房地(土地+建物),民生段421~450地號,39.91,住,,,1070929,土地1建物1車位0,五層,5,華廈(10層含以下有電梯),住家用,鋼筋混凝土造,,113.47,2,2,2,有,無,7650000,67419,,0.0,0,,RPQOMLPKNHOFFIF66CB
三峽區,房地(土地+建物)+車位,民生段421~450地號,22.77,住,,,1070818,土地1建物1車位1,一層,5,華廈(10層含以下有電梯),住家用,鋼筋混凝土造,,68.93,2,2,1,有,無,5320000,69795,升降機械,9.9,1200000,,RPROMLPKNHOFFIF76CB
三峽區,房地(土地+建物)+車位,民生段421~450地號,28.28,住,,,1070923,土地1建物1車位1,二層,5,華廈(10層含以下有電梯),住家用,鋼筋混凝土造,,92.95,2,2,1,有,無,7000000,69837,升降機械,9.9,1200000,,RPSOMLPKNHOFFIF86CB
三峽區,房地(土地+建物)+車位,民生段421~450地號,28.28,住,,,1070902,土地1建物1車位1,三層,5,華廈(10層含以下有電梯),住家用,鋼筋混凝土造,,92.95,2,2,1,有,無,7360000,74172,升降機械,9.9,1200000,,RPTOMLPKNHOFFIF96CB
三峽區,房地(土地+建物)+車位,民生段421~450地號,28.28,住,,,1071028,土地1建物1車位1,四層,5,華廈(10層含以下有電梯),住家用,鋼筋混凝土造,,92.95,2,2,1,有,無,7270000,73089,升降機械,9.9,1200000,,RPUOMLPKNHOFFIF07CB
三峽區,房地(土地+建物),民生段421~450地號,40.74,住,,,1070909,土地1建物1車位0,五層,5,華廈(10層含以下有電梯),住家用,鋼筋混凝土造,,117.98,2,2,2,有,無,8450000,71622,,0.0,0,,RPWOMLPKNHOFFIF27CB
三峽區,房地(土地+建物),民生段421~450地號,29.11,住,,,1070901,土地1建物1車位0,二層,5,華廈(10層含以下有電梯),住家用,鋼筋混凝土造,,84.83,2,2,1,有,無,5950000,70140,,0.0,0,,RPXOMLPKNHOFFIF37CB
三峽區,房地(土地+建物),民生段421~450地號,29.11,住,,,1070817,土地1建物1車位0,三層,5,華廈(10層含以下有電梯),住家用,鋼筋混凝土造,,84.83,2,2,1,有,無,6330000,74620,,0.0,0,,RPOPMLPKNHOFFIF56CB
三峽區,房地(土地+建物)+車位,民生段421~450地號,29.16,住,,,1070923,土地1建物1車位1,四層,5,華廈(10層含以下有電梯),住家用,鋼筋混凝土造,,94.73,2,2,1,有,無,7180000,70494,升降機械,9.9,1200000,,RPPPMLPKNHOFFIF66CB
三峽區,房地(土地+建物)+車位,民生段421~450地號,39.97,住,,,1070915,土地1建物1車位1,五層,5,華廈(10層含以下有電梯),住家用,鋼筋混凝土造,,123.37,2,2,2,有,無,8800000,66978,升降機械,9.9,1200000,,RPRPMLPKNHOFFIF86CB
三峽區,房地(土地+建物)+車位,民生段421~450地號,22.77,住,,,1070924,土地1建物1車位1,一層,5,華廈(10層含以下有電梯),住家用,鋼筋混凝土造,,68.93,2,2,1,有,無,5320000,69795,升降機械,9.9,1200000,,RPSPMLPKNHOFFIF96CB
三峽區,房地(土地+建物),民生段421~450地號,28.22,住,,,1070915,土地1建物1車位0,二層,5,華廈(10層含以下有電梯),住家用,鋼筋混凝土造,,83.05,2,2,1,有,無,6050000,72848,,0.0,0,,RPTPMLPKNHOFFIF07CB
三峽區,房地(土地+建物)+車位,民生段421~450地號,28.28,住,,,1070916,土地1建物1車位1,三層,5,華廈(10層含以下有電梯),住家用,鋼筋混凝土造,,92.95,2,2,1,有,無,7280000,73209,升降機械,9.9,1200000,,RPUPMLPKNHOFFIF17CB
三峽區,房地(土地+建物),民生段421~450地號,40.74,住,,,1070826,土地1建物1車位0,五層,5,華廈(10層含以下有電梯),住家用,鋼筋混凝土造,,117.98,2,2,2,有,無,8500000,72046,,0.0,0,,RPWPMLPKNHOFFIF37CB
三峽區,房地(土地+建物),民生段421~450地號,29.11,住,,,1070819,土地1建物1車位0,二層,5,華廈(10層含以下有電梯),住家用,鋼筋混凝土造,,84.83,2,2,1,有,無,5900000,69551,,0.0,0,,RPXPMLPKNHOFFIF47CB
三峽區,房地(土地+建物)+車位,民生段421~450地號,28.28,住,,,1070930,土地1建物1車位1,四層,5,華廈(10層含以下有電梯),住家用,鋼筋混凝土造,,92.95,2,2,1,有,無,7300000,73450,升降機械,9.9,1200000,,RPUQMLPKNHOFFIF27CB
淡水區,房地(土地+建物)+車位,新巿段211~240地號,24.39,住,,,1070511,土地1建物1車位1,一層,14,住宅大樓(11層含以上有電梯),住家用,鋼筋混凝土造,,161.5,0,0,0,無,無,16780000,117930,坡道平面,30.66,1350000,,RPWNMLRKNHOFFEF96CB
淡水區,房地(土地+建物)+車位,新巿段211~240地號,23.81,住,,,1070511,土地1建物1車位1,二層,14,住宅大樓(11層含以上有電梯),住家用,鋼筋混凝土造,,159.39,3,2,2,有,無,8880000,58495,坡道平面,30.66,1350000,,RPXNMLRKNHOFFEF07CB
淡水區,房地(土地+建物)+車位,新巿段211~240地號,23.81,住,,,1071125,土地1建物1車位1,三層,14,住宅大樓(11層含以上有電梯),住家用,鋼筋混凝土造,,159.39,3,2,2,有,無,8580000,56552,坡道平面,30.66,1300000,,RPOOMLRKNHOFFEF88CB
淡水區,房地(土地+建物)+車位,新巿段211~240地號,23.81,住,,,1071027,土地1建物1車位1,四層,14,住宅大樓(11層含以上有電梯),住家用,鋼筋混凝土造,,159.39,3,2,2,有,無,8000000,51270,坡道平面,30.66,1400000,,RPPOMLRKNHOFFEF98CB
淡水區,房地(土地+建物)+車位,新巿段211~240地號,23.81,住,,,1070819,土地1建物1車位1,五層,14,住宅大樓(11層含以上有電梯),住家用,鋼筋混凝土造,,157.33,3,2,2,有,無,8000000,52047,坡道平面,28.6,1300000,,RPQOMLRKNHOFFEF09CB
淡水區,房地(土地+建物)+車位,新巿段211~240地號,23.81,住,,,1070624,土地1建物1車位1,六層,14,住宅大樓(11層含以上有電梯),住家用,鋼筋混凝土造,,159.39,3,2,2,有,無,8210000,53290,坡道平面,30.66,1350000,,RPSOMLRKNHOFFEF66CB
淡水區,房地(土地+建物)+車位,新巿段211~240地號,23.81,住,,,1070511,土地1建物1車位1,七層,14,住宅大樓(11層含以上有電梯),住家用,鋼筋混凝土造,,159.39,3,2,2,有,無,8220000,53368,坡道平面,30.66,1350000,,RPTOMLRKNHOFFEF76CB
淡水區,房地(土地+建物)+車位,新巿段211~240地號,23.81,住,,,1070511,土地1建物1車位1,八層,14,住宅大樓(11層含以上有電梯),住家用,鋼筋混凝土造,,159.39,3,2,2,有,無,8300000,53989,坡道平面,30.66,1350000,,RPUOMLRKNHOFFEF86CB
淡水區,房地(土地+建物)+車位,新巿段211~240地號,23.81,住,,,1070808,土地1建物1車位1,九層,14,住宅大樓(11層含以上有電梯),住家用,鋼筋混凝土造,,159.39,3,2,2,有,無,8430000,54610,坡道平面,30.66,1400000,,RPVOMLRKNHOFFEF96CB
淡水區,房地(土地+建物)+車位,新巿段211~240地號,23.81,住,,,1071114,土地1建物1車位1,十層,14,住宅大樓(11層含以上有電梯),住家用,鋼筋混凝土造,,159.39,3,2,2,有,無,8450000,54766,坡道平面,30.66,1400000,,RPWOMLRKNHOFFEF07CB
淡水區,房地(土地+建物)+車位,新巿段211~240地號,23.81,住,,,1071106,土地1建物1車位1,十一層,14,住宅大樓(11層含以上有電梯),住家用,鋼筋混凝土造,,159.39,3,2,2,有,無,8230000,53445,坡道平面,30.66,1350000,,RPXOMLRKNHOFFEF17CB
淡水區,房地(土地+建物)+車位,新巿段211~240地號,23.81,住,,,1070408,土地1建物1車位1,十二層,14,住宅大樓(11層含以上有電梯),住家用,鋼筋混凝土造,,159.39,3,2,2,有,無,8400000,55154,坡道平面,30.66,1300000,,RPOPMLRKNHOFFEF98CB
淡水區,房地(土地+建物)+車位,新巿段211~240地號,23.81,住,,,1071201,土地1建物1車位1,十三層,14,住宅大樓(11層含以上有電梯),住家用,鋼筋混凝土造,,159.39,3,2,2,有,無,8260000,53290,坡道平面,30.66,1400000,,RPPPMLRKNHOFFEF09CB
淡水區,房地(土地+建物)+車位,新巿段211~240地號,23.81,住,,,1071203,土地1建物1車位1,十四層,14,住宅大樓(11層含以上有電梯),住家用,鋼筋混凝土造,,159.39,3,2,2,有,無,7990000,51969,坡道平面,30.66,1300000,,RPQPMLRKNHOFFEF56CB
淡水區,房地(土地+建物)+車位,新巿段211~240地號,26.99,住,,,1070511,土地1建物1車位1,一層,14,住宅大樓(11層含以上有電梯),住家用,鋼筋混凝土造,,176.24,0,0,0,無,無,18580000,118354,坡道平面,30.66,1350000,,RPRPMLRKNHOFFEF66CB
淡水區,房地(土地+建物)+車位,新巿段211~240地號,21.22,住,,,1070511,土地1建物1車位1,二層,14,住宅大樓(11層含以上有電梯),住家用,鋼筋混凝土造,,142.51,3,2,2,有,無,8080000,60170,坡道平面,30.66,1350000,,RPSPMLRKNHOFFEF76CB
淡水區,房地(土地+建物)+車位,新巿段211~240地號,21.22,住,,,1070714,土地1建物1車位1,三層,14,住宅大樓(11層含以上有電梯),住家用,鋼筋混凝土造,,142.51,3,2,2,有,無,8000000,59455,坡道平面,30.66,1350000,,RPTPMLRKNHOFFEF86CB
淡水區,房地(土地+建物)+車位,新巿段211~240地號,21.22,住,,,1070630,土地1建物1車位1,四層,14,住宅大樓(11層含以上有電梯),住家用,鋼筋混凝土造,,142.51,3,2,2,有,無,7430000,54359,坡道平面,30.66,1350000,,RPVPMLRKNHOFFEF07CB
淡水區,房地(土地+建物)+車位,新巿段211~240地號,21.22,住,,,1070405,土地1建物1車位1,六層,14,住宅大樓(11層含以上有電梯),住家用,鋼筋混凝土造,,142.51,3,2,2,有,無,7570000,55610,坡道平面,30.66,1350000,,RPXPMLRKNHOFFEF27CB
淡水區,房地(土地+建物)+車位,新巿段211~240地號,21.22,住,,,1070607,土地1建物1車位1,七層,14,住宅大樓(11層含以上有電梯),住家用,鋼筋混凝土造,,142.51,3,2,2,有,無,7610000,55968,坡道平面,30.66,1350000,,RPOQMLRKNHOFFEF09CB
淡水區,房地(土地+建物)+車位,新巿段211~240地號,21.22,住,,,1070901,土地1建物1車位1,八層,14,住宅大樓(11層含以上有電梯),住家用,鋼筋混凝土造,,142.51,3,2,2,有,無,7600000,56325,坡道平面,30.66,1300000,,RPPQMLRKNHOFFEF56CB
淡水區,房地(土地+建物)+車位,新巿段211~240地號,21.22,住,,,1070525,土地1建物1車位1,九層,14,住宅大樓(11層含以上有電梯),住家用,鋼筋混凝土造,,142.51,3,2,2,有,無,7700000,56772,坡道平面,30.66,1350000,,RPQQMLRKNHOFFEF66CB
淡水區,房地(土地+建物)+車位,新巿段211~240地號,21.22,住,,,1070901,土地1建物1車位1,十層,14,住宅大樓(11層含以上有電梯),住家用,鋼筋混凝土造,,142.51,3,2,2,有,無,7300000,53643,坡道平面,30.66,1300000,,RPRQMLRKNHOFFEF76CB
淡水區,房地(土地+建物)+車位,新巿段211~240地號,21.22,住,,,1070609,土地1建物1車位1,十一層,14,住宅大樓(11層含以上有電梯),住家用,鋼筋混凝土造,,142.51,3,2,2,有,無,7590000,56236,坡道平面,30.66,1300000,,RPSQMLRKNHOFFEF86CB
淡水區,房地(土地+建物)+車位,新巿段211~240地號,21.22,住,,,1070718,土地1建物1車位1,十二層,14,住宅大樓(11層含以上有電梯),住家用,鋼筋混凝土造,,142.51,3,2,2,有,無,7560000,55968,坡道平面,30.66,1300000,,RPUQMLRKNHOFFEF07CB
淡水區,房地(土地+建物)+車位,新巿段211~240地號,21.22,住,,,1070422,土地1建物1車位1,五層,14,住宅大樓(11層含以上有電梯),住家用,鋼筋混凝土造,,142.51,3,2,2,有,無,7500000,54984,坡道平面,30.66,1350000,,RPWQMLRKNHOFFEF27CB
淡水區,房地(土地+建物)+車位,新巿段211~240地號,21.22,住,,,1071014,土地1建物1車位1,十三層,14,住宅大樓(11層含以上有電梯),住家用,鋼筋混凝土造,,142.51,3,2,2,有,無,7580000,56147,坡道平面,30.66,1300000,,RPXQMLRKNHOFFEF37CB
淡水區,房地(土地+建物)+車位,新巿段211~240地號,21.22,住,,,1071020,土地1建物1車位1,十四層,14,住宅大樓(11層含以上有電梯),住家用,鋼筋混凝土造,,142.51,3,2,2,有,無,7500000,54984,坡道平面,30.66,1350000,,RPORMLRKNHOFFEF56CB
淡水區,房地(土地+建物),新巿段211~240地號,17.32,住,,,1070426,土地1建物1車位0,二層,14,住宅大樓(11層含以上有電梯),住家用,鋼筋混凝土造,,94.24,2,1,1,有,無,5360000,56876,,0.0,0,,RPPRMLRKNHOFFEF66CB
淡水區,房地(土地+建物)+車位,新巿段211~240地號,17.46,住,,,1070826,土地1建物1車位1,三層,14,住宅大樓(11層含以上有電梯),住家用,鋼筋混凝土造,,124.9,2,1,1,有,無,6950000,59953,坡道平面,30.66,1300000,,RPQRMLRKNHOFFEF76CB
淡水區,房地(土地+建物)+車位,新巿段211~240地號,17.46,住,,,1070719,土地1建物1車位1,四層,14,住宅大樓(11層含以上有電梯),住家用,鋼筋混凝土造,,124.9,2,1,1,有,無,6280000,52844,坡道平面,30.66,1300000,,RPRRMLRKNHOFFEF86CB
淡水區,房地(土地+建物)+車位,新巿段211~240地號,17.46,住,,,1070417,土地1建物1車位1,五層,14,住宅大樓(11層含以上有電梯),住家用,鋼筋混凝土造,,124.9,2,1,1,有,無,6500000,54648,坡道平面,30.66,1350000,,RPSRMLRKNHOFFEF96CB
淡水區,房地(土地+建物)+車位,新巿段211~240地號,17.46,住,,,1070525,土地1建物1車位1,六層,14,住宅大樓(11層含以上有電梯),住家用,鋼筋混凝土造,,122.84,2,1,1,有,無,6380000,54435,坡道平面,28.6,1250000,,RPTRMLRKNHOFFEF07CB
淡水區,房地(土地+建物)+車位,新巿段211~240地號,17.46,住,,,1070708,土地1建物1車位1,七層,14,住宅大樓(11層含以上有電梯),住家用,鋼筋混凝土造,,124.9,2,1,1,有,無,6530000,55497,坡道平面,30.66,1300000,,RPURMLRKNHOFFEF17CB
淡水區,房地(土地+建物)+車位,新巿段211~240地號,17.46,住,,,1071219,土地1建物1車位1,九層,14,住宅大樓(11層含以上有電梯),住家用,鋼筋混凝土造,,122.84,2,1,1,有,無,6660000,56346,坡道平面,28.6,1350000,,RPVRMLRKNHOFFEF27CB
淡水區,房地(土地+建物)+車位,新巿段211~240地號,17.46,住,,,1070901,土地1建物1車位1,十層,14,住宅大樓(11層含以上有電梯),住家用,鋼筋混凝土造,,124.9,2,1,1,有,無,6630000,56558,坡道平面,30.66,1300000,,RPXRMLRKNHOFFEF47CB
淡水區,房地(土地+建物)+車位,新巿段211~240地號,17.46,住,,,1070628,土地1建物1車位1,十一層,14,住宅大樓(11層含以上有電梯),住家用,鋼筋混凝土造,,124.9,2,1,1,有,無,6500000,55178,坡道平面,30.66,1300000,,RPOSMLRKNHOFFEF66CB
淡水區,房地(土地+建物)+車位,新巿段211~240地號,17.46,住,,,1070812,土地1建物1車位1,十二層,14,住宅大樓(11層含以上有電梯),住家用,鋼筋混凝土造,,124.9,2,1,1,有,無,6530000,55497,坡道平面,30.66,1300000,,RPPSMLRKNHOFFEF76CB
淡水區,房地(土地+建物)+車位,新巿段211~240地號,17.46,住,,,1071123,土地1建物1車位1,十三層,14,住宅大樓(11層含以上有電梯),住家用,鋼筋混凝土造,,122.84,2,1,1,有,無,6490000,55072,坡道平面,28.6,1300000,,RPQSMLRKNHOFFEF86CB
淡水區,房地(土地+建物)+車位,新巿段211~240地號,17.46,住,,,1070921,土地1建物1車位1,十四層,14,住宅大樓(11層含以上有電梯),住家用,鋼筋混凝土造,,124.9,2,1,1,有,無,6500000,55178,坡道平面,30.66,1300000,,RPRSMLRKNHOFFEF96CB
淡水區,房地(土地+建物)+車位,新巿段211~240地號,20.78,住,,,1070706,土地1建物1車位1,二層,14,住宅大樓(11層含以上有電梯),住家用,鋼筋混凝土造,,140.4,3,2,1,有,無,7000000,51941,坡道平面,30.66,1300000,,RPSSMLRKNHOFFEF07CB
淡水區,房地(土地+建物)+車位,新巿段211~240地號,20.78,住,,,1070727,土地1建物1車位1,三層,14,住宅大樓(11層含以上有電梯),住家用,鋼筋混凝土造,,140.4,3,2,1,有,無,7770000,58958,坡道平面,30.66,1300000,,RPTSMLRKNHOFFEF17CB
淡水區,房地(土地+建物)+車位,新巿段211~240地號,20.78,住,,,1070712,土地1建物1車位1,四層,14,住宅大樓(11層含以上有電梯),住家用,鋼筋混凝土造,,138.34,3,2,1,有,無,7300000,54675,坡道平面,28.6,1300000,,RPUSMLRKNHOFFEF27CB
淡水區,房地(土地+建物)+車位,新巿段211~240地號,20.78,住,,,1070603,土地1建物1車位1,五層,14,住宅大樓(11層含以上有電梯),住家用,鋼筋混凝土造,,140.4,3,2,1,有,無,7220000,53946,坡道平面,30.66,1300000,,RPVSMLRKNHOFFEF37CB
淡水區,房地(土地+建物)+車位,新巿段211~240地號,20.78,住,,,1070727,土地1建物1車位1,六層,14,住宅大樓(11層含以上有電梯),住家用,鋼筋混凝土造,,140.4,3,2,1,有,無,7330000,54948,坡道平面,30.66,1300000,,RPWSMLRKNHOFFEF47CB
淡水區,房地(土地+建物)+車位,新巿段211~240地號,20.78,住,,,1070428,土地1建物1車位1,七層,14,住宅大樓(11層含以上有電梯),住家用,鋼筋混凝土造,,140.4,3,2,1,有,無,7390000,55039,坡道平面,30.66,1350000,,RPXSMLRKNHOFFEF57CB
淡水區,房地(土地+建物)+車位,新巿段211~240地號,20.78,住,,,1070815,土地1建物1車位1,八層,14,住宅大樓(11層含以上有電梯),住家用,鋼筋混凝土造,,140.4,3,2,1,有,無,7450000,56042,坡道平面,30.66,1300000,,RPOTMLRKNHOFFEF76CB
淡水區,房地(土地+建物)+車位,新巿段211~240地號,20.78,住,,,1071029,土地1建物1車位1,九層,14,住宅大樓(11層含以上有電梯),住家用,鋼筋混凝土造,,140.4,3,2,1,有,無,7480000,55859,坡道平面,30.66,1350000,,RPPTMLRKNHOFFEF86CB
淡水區,房地(土地+建物)+車位,新巿段211~240地號,20.78,住,,,1071106,土地1建物1車位1,十層,14,住宅大樓(11層含以上有電梯),住家用,鋼筋混凝土造,,138.34,3,2,1,有,無,7510000,56133,坡道平面,28.6,1350000,,RPQTMLRKNHOFFEF96CB
淡水區,房地(土地+建物)+車位,新巿段211~240地號,20.78,住,,,1070617,土地1建物1車位1,十一層,14,住宅大樓(11層含以上有電梯),住家用,鋼筋混凝土造,,140.4,3,2,1,有,無,7480000,56315,坡道平面,30.66,1300000,,RPRTMLRKNHOFFEF07CB
淡水區,房地(土地+建物)+車位,新巿段211~240地號,20.78,住,,,1070721,土地1建物1車位1,十三層,14,住宅大樓(11層含以上有電梯),住家用,鋼筋混凝土造,,140.4,3,2,1,有,無,7420000,55768,坡道平面,30.66,1300000,,RPSTMLRKNHOFFEF17CB
淡水區,房地(土地+建物)+車位,新巿段211~240地號,20.78,住,,,1070915,土地1建物1車位1,十四層,14,住宅大樓(11層含以上有電梯),住家用,鋼筋混凝土造,,140.4,3,2,1,有,無,7300000,53763,坡道平面,30.66,1400000,,RPTTMLRKNHOFFEF27CB
淡水區,房地(土地+建物)+車位,新巿段211~240地號,23.81,住,,,1071102,土地1建物1車位1,二層,14,住宅大樓(11層含以上有電梯),住家用,鋼筋混凝土造,,157.25,3,2,2,有,無,8150000,53322,坡道平面,30.66,1400000,,RPUTMLRKNHOFFEF37CB
淡水區,房地(土地+建物)+車位,新巿段211~240地號,23.81,住,,,1071014,土地1建物1車位1,四層,14,住宅大樓(11層含以上有電梯),住家用,鋼筋混凝土造,,158.81,3,2,2,有,無,7880000,50956,坡道平面,30.66,1350000,,RPVTMLRKNHOFFEF47CB
淡水區,房地(土地+建物)+車位,新巿段211~240地號,23.81,住,,,1071023,土地1建物1車位1,五層,14,住宅大樓(11層含以上有電梯),住家用,鋼筋混凝土造,,158.81,3,2,2,有,無,7900000,51502,坡道平面,30.66,1300000,,RPWTMLRKNHOFFEF57CB
淡水區,房地(土地+建物)+車位,新巿段211~240地號,23.81,住,,,1071227,土地1建物1車位1,六層,14,住宅大樓(11層含以上有電梯),住家用,鋼筋混凝土造,,158.81,3,2,2,有,無,8110000,52361,坡道平面,30.66,1400000,,RPXTMLRKNHOFFEF67CB
淡水區,房地(土地+建物)+車位,新巿段211~240地號,23.81,住,,,1070927,土地1建物1車位1,七層,14,住宅大樓(11層含以上有電梯),住家用,鋼筋混凝土造,,158.81,3,2,2,有,無,8200000,53063,坡道平面,30.66,1400000,,RPOUMLRKNHOFFEF86CB
淡水區,房地(土地+建物)+車位,新巿段211~240地號,23.81,住,,,1070901,土地1建物1車位1,八層,14,住宅大樓(11層含以上有電梯),住家用,鋼筋混凝土造,,158.81,3,2,2,有,無,8230000,54077,坡道平面,30.66,1300000,,RPPUMLRKNHOFFEF96CB
淡水區,房地(土地+建物)+車位,新巿段211~240地號,23.81,住,,,1070404,土地1建物1車位1,九層,14,住宅大樓(11層含以上有電梯),住家用,鋼筋混凝土造,,158.81,3,2,2,有,無,8260000,53921,坡道平面,30.66,1350000,,RPQUMLRKNHOFFEF07CB
淡水區,房地(土地+建物)+車位,新巿段211~240地號,23.81,住,,,1071027,土地1建物1車位1,十層,14,住宅大樓(11層含以上有電梯),住家用,鋼筋混凝土造,,158.81,3,2,2,有,無,8300000,54233,坡道平面,30.66,1350000,,RPRUMLRKNHOFFEF17CB
淡水區,房地(土地+建物)+車位,新巿段211~240地號,23.81,住,,,1071220,土地1建物1車位1,十一層,14,住宅大樓(11層含以上有電梯),住家用,鋼筋混凝土造,,158.81,3,2,2,有,無,8620000,56340,坡道平面,30.66,1400000,,RPSUMLRKNHOFFEF27CB
淡水區,房地(土地+建物)+車位,新巿段211~240地號,23.81,住,,,1071007,土地1建物1車位1,十二層,14,住宅大樓(11層含以上有電梯),住家用,鋼筋混凝土造,,158.81,3,2,2,有,無,8150000,53063,坡道平面,30.66,1350000,,RPTUMLRKNHOFFEF37CB
淡水區,房地(土地+建物)+車位,新巿段211~240地號,23.81,住,,,1070930,土地1建物1車位1,十三層,14,住宅大樓(11層含以上有電梯),住家用,鋼筋混凝土造,,158.81,3,2,2,有,無,8100000,53063,坡道平面,30.66,1300000,,RPUUMLRKNHOFFEF47CB
淡水區,房地(土地+建物)+車位,新巿段211~240地號,23.81,住,,,1070801,土地1建物1車位1,十四層,14,住宅大樓(11層含以上有電梯),住家用,鋼筋混凝土造,,158.81,3,2,2,有,無,8070000,52829,坡道平面,30.66,1300000,,RPVUMLRKNHOFFEF57CB
新莊區,房地(土地+建物)+車位,光明段691~720地號,16.02,住,,,1080316,土地7建物1車位1,三層,14,住宅大樓(11層含以上有電梯),住家用,鋼筋混凝土造,,127.25,3,2,2,有,無,11500000,94499,升降機械,15.08,900000,,RPOSMLKLNHOFFBF38CB
新莊區,房地(土地+建物)+車位,光明段691~720地號,16.02,住,,,1080310,土地7建物1車位1,四層,14,住宅大樓(11層含以上有電梯),住家用,鋼筋混凝土造,,127.25,3,2,2,有,無,11680000,94321,升降機械,15.08,1100000,,RPQSMLKLNHOFFBF58CB
新莊區,房地(土地+建物)+車位,光明段691~720地號,16.02,住,,,1080316,土地7建物1車位1,五層,14,住宅大樓(11層含以上有電梯),住家用,鋼筋混凝土造,,127.25,3,2,2,有,無,11880000,97887,升降機械,15.08,900000,,RPRSMLKLNHOFFBF68CB
新莊區,房地(土地+建物)+車位,光明段691~720地號,16.02,住,,,1080228,土地7建物1車位1,六層,14,住宅大樓(11層含以上有電梯),住家用,鋼筋混凝土造,,142.33,3,2,2,有,無,12600000,98511,升降平面,30.16,1550000,,RPSSMLKLNHOFFBF78CB
新莊區,房地(土地+建物)+車位,光明段691~720地號,16.02,住,,,1080320,土地7建物1車位1,七層,14,住宅大樓(11層含以上有電梯),住家用,鋼筋混凝土造,,127.25,3,2,2,有,無,11760000,98155,升降機械,15.08,750000,,RPWSMLKLNHOFFBF56CB
新莊區,房地(土地+建物),光明段691~720地號,16.01,住,,,1080308,土地7建物1車位0,八層,14,住宅大樓(11層含以上有電梯),住家用,鋼筋混凝土造,,112.17,3,2,2,有,無,11190000,99759,,0.0,0,,RPOTMLKLNHOFFBF48CB
新莊區,房地(土地+建物)+車位,光明段691~720地號,16.02,住,,,1080330,土地7建物1車位1,九層,14,住宅大樓(11層含以上有電梯),住家用,鋼筋混凝土造,,142.33,3,2,2,有,無,13230000,100562,坡道平面,30.16,1950000,,RPRTMLKLNHOFFBF78CB
新莊區,房地(土地+建物)+車位,光明段691~720地號,16.02,住,,,1080327,土地7建物1車位1,十層,14,住宅大樓(11層含以上有電梯),住家用,鋼筋混凝土造,,142.33,3,2,2,有,無,13450000,102523,坡道平面,30.16,1950000,,RPTUMLKLNHOFFBF09CB
新莊區,房地(土地+建物)+車位,光明段691~720地號,160.18,住,,,1080310,土地7建物1車位1,十一層,14,住宅大樓(11層含以上有電梯),住家用,鋼筋混凝土造,,142.33,3,2,2,有,無,13500000,103860,坡道平面,30.16,1850000,,RPOVMLKLNHOFFBF68CB
新莊區,房地(土地+建物)+車位,光明段691~720地號,16.02,住,,,1080225,土地7建物1車位1,十二層,14,住宅大樓(11層含以上有電梯),住家用,鋼筋混凝土造,,142.33,3,2,2,有,無,13300000,101186,坡道平面,30.16,1950000,,RPQVMLKLNHOFFBF88CB
中壢區,房地(土地+建物)+車位,青芝段91~120地號,15.62,住,,,1070107,土地1建物1車位1,四層,14,住宅大樓(11層含以上有電梯),住家用,鋼筋混凝土造,,116.11,2,2,1,有,無,7850000,78841,坡道平面,34.3,1400000,,RPRNMLQKNHOFFBH88CB
中壢區,房地(土地+建物)+車位,青芝段91~120地號,15.62,住,,,1061105,土地1建物1車位1,六層,14,住宅大樓(11層含以上有電梯),住家用,鋼筋混凝土造,,111.35,2,2,1,有,無,8000000,83119,坡道平面,29.54,1200000,,RPSNMLQKNHOFFBH98CB
中壢區,房地(土地+建物)+車位,青芝段91~120地號,15.62,住,,,1061123,土地1建物1車位1,七層,14,住宅大樓(11層含以上有電梯),住家用,鋼筋混凝土造,,116.11,2,2,1,有,無,8100000,80675,坡道平面,34.3,1500000,,RPTNMLQKNHOFFBH09CB
中壢區,房地(土地+建物)+車位,青芝段91~120地號,15.62,住,,,1070317,土地1建物1車位1,八層,14,住宅大樓(11層含以上有電梯),住家用,鋼筋混凝土造,,116.11,2,2,1,有,無,8000000,80675,坡道平面,34.3,1400000,,RPUNMLQKNHOFFBH56CB
中壢區,房地(土地+建物)+車位,青芝段91~120地號,15.62,住,,,1060927,土地1建物1車位1,九層,14,住宅大樓(11層含以上有電梯),住家用,鋼筋混凝土造,,116.11,2,2,1,有,無,8420000,84586,坡道平面,34.3,1500000,,RPVNMLQKNHOFFBH66CB
中壢區,房地(土地+建物)+車位,青芝段91~120地號,15.62,住,,,1070202,土地1建物1車位1,十層,14,住宅大樓(11層含以上有電梯),住家用,鋼筋混凝土造,,111.35,2,2,1,有,無,7980000,80430,坡道平面,29.54,1400000,,RPWNMLQKNHOFFBH76CB
中壢區,房地(土地+建物)+車位,青芝段91~120地號,27.59,住,,,1070223,土地1建物1車位1,六層,14,住宅大樓(11層含以上有電梯),住家用,鋼筋混凝土造,,182.51,3,2,2,有,無,13250000,77466,坡道平面,29.54,1400000,,RPXNMLQKNHOFFBH86CB
中壢區,房地(土地+建物)+車位,青芝段91~120地號,27.59,住,,,1070226,土地1建物1車位1,九層,14,住宅大樓(11層含以上有電梯),住家用,鋼筋混凝土造,,187.27,3,2,2,有,無,13400000,77793,坡道平面,34.3,1500000,,RPOOMLQKNHOFFBH68CB
中壢區,房地(土地+建物)+車位,青芝段91~120地號,15.62,住,,,1070623,土地1建物1車位1,三層,14,住宅大樓(11層含以上有電梯),住家用,鋼筋混凝土造,,116.11,2,2,1,有,無,7800000,79452,坡道平面,34.3,1300000,,RPPOMLQKNHOFFBH78CB
中壢區,房地(土地+建物)+車位,青芝段91~120地號,15.62,住,,,1070513,土地1建物1車位1,五層,14,住宅大樓(11層含以上有電梯),住家用,鋼筋混凝土造,,111.35,2,2,1,有,無,8180000,85320,坡道平面,29.54,1200000,,RPQOMLQKNHOFFBH88CB
中壢區,房地(土地+建物)+車位,青芝段91~120地號,15.62,住,,,1070406,土地1建物1車位1,十二層,14,住宅大樓(11層含以上有電梯),住家用,鋼筋混凝土造,,116.11,2,2,1,有,無,8180000,81653,坡道平面,34.3,1500000,,RPROMLQKNHOFFBH98CB
中壢區,房地(土地+建物)+車位,青芝段91~120地號,15.62,住,,,1060927,土地1建物1車位1,十三層,14,住宅大樓(11層含以上有電梯),住家用,鋼筋混凝土造,,116.11,2,2,1,有,無,8460000,85075,坡道平面,34.3,1500000,,RPSOMLQKNHOFFBH09CB
中壢區,房地(土地+建物)+車位,青芝段91~120地號,27.94,住,,,1070610,土地1建物1車位1,九層,14,住宅大樓(11層含以上有電梯),住家用,鋼筋混凝土造,,190.4,3,2,2,有,無,13600000,77514,坡道平面,34.3,1500000,,RPTOMLQKNHOFFBH56CB
中壢區,房地(土地+建物)+車位,青芝段91~120地號,27.94,住,,,1070727,土地1建物1車位1,十一層,14,住宅大樓(11層含以上有電梯),住家用,鋼筋混凝土造,,190.4,3,2,2,有,無,13500000,78155,坡道平面,34.3,1300000,,RPUOMLQKNHOFFBH66CB
中壢區,房地(土地+建物)+車位,青芝段91~120地號,28.12,住,,,1061205,土地1建物1車位2,十二層,14,住宅大樓(11層含以上有電梯),住家用,鋼筋混凝土造,,224.7,3,2,2,有,無,15180000,78027,坡道平面,68.6,3000000,,RPVOMLQKNHOFFBH76CB
中壢區,房地(土地+建物)+車位,青芝段91~120地號,27.94,住,,,1070222,土地1建物1車位1,五層,14,住宅大樓(11層含以上有電梯),住家用,鋼筋混凝土造,,190.4,3,2,2,有,無,13500000,76874,坡道平面,34.3,1500000,,RPWOMLQKNHOFFBH86CB
中壢區,房地(土地+建物)+車位,青芝段91~120地號,27.94,住,,,1070117,土地1建物1車位1,八層,14,住宅大樓(11層含以上有電梯),住家用,鋼筋混凝土造,,190.4,3,2,2,有,無,13780000,78668,坡道平面,34.3,1500000,,RPXOMLQKNHOFFBH96CB
中壢區,房地(土地+建物)+車位,青芝段91~120地號,22.04,住,,,1061014,土地1建物1車位1,十層,14,住宅大樓(11層含以上有電梯),住家用,鋼筋混凝土造,,159.33,3,2,2,有,無,10900000,75982,坡道平面,34.3,1400000,,RPOPMLQKNHOFFBH78CB
中壢區,房地(土地+建物)+車位,青芝段91~120地號,15.62,住,,,1061122,土地1建物1車位1,十一層,14,住宅大樓(11層含以上有電梯),住家用,鋼筋混凝土造,,116.11,2,2,1,有,無,8000000,81897,坡道平面,34.3,1300000,,RPPPMLQKNHOFFBH88CB
中壢區,房地(土地+建物)+車位,青芝段91~120地號,27.59,住,,,1070722,土地1建物1車位1,十二層,14,住宅大樓(11層含以上有電梯),住家用,鋼筋混凝土造,,187.27,3,2,2,有,無,14320000,83807,坡道平面,34.3,1500000,,RPQPMLQKNHOFFBH98CB
中壢區,房地(土地+建物)+車位,青芝段91~120地號,22.04,住,,,1061116,土地1建物1車位1,十三層,14,住宅大樓(11層含以上有電梯),住家用,鋼筋混凝土造,,159.33,3,2,2,有,無,11100000,76782,坡道平面,34.3,1500000,,RPRPMLQKNHOFFBH09CB
中壢區,房地(土地+建物)+車位,青芝段91~120地號,14.23,住,,,1070713,土地1建物1車位1,二層,14,住宅大樓(11層含以上有電梯),住家用,鋼筋混凝土造,,110.02,2,2,1,有,無,7000000,75277,坡道平面,34.3,1300000,,RPSPMLQKNHOFFBH56CB
中壢區,房地(土地+建物)+車位,青芝段91~120地號,14.23,住,,,1061214,土地1建物1車位1,四層,14,住宅大樓(11層含以上有電梯),住家用,鋼筋混凝土造,,105.26,2,2,1,有,無,6690000,72504,坡道平面,29.54,1200000,,RPTPMLQKNHOFFBH66CB
中壢區,房地(土地+建物)+車位,青芝段91~120地號,14.23,住,,,1060925,土地1建物1車位1,七層,14,住宅大樓(11層含以上有電梯),住家用,鋼筋混凝土造,,105.26,2,2,1,有,無,6890000,73825,坡道平面,29.54,1300000,,RPUPMLQKNHOFFBH76CB
中壢區,房地(土地+建物)+車位,青芝段91~120地號,14.23,住,,,1060918,土地1建物1車位1,五層,14,住宅大樓(11層含以上有電梯),住家用,鋼筋混凝土造,,110.02,2,2,1,有,無,7000000,73957,坡道平面,34.3,1400000,,RPVPMLQKNHOFFBH86CB
中壢區,房地(土地+建物)+車位,青芝段91~120地號,22.04,住,,,1070623,土地1建物1車位1,十一層,14,住宅大樓(11層含以上有電梯),住家用,鋼筋混凝土造,,159.33,3,2,2,有,無,10550000,72383,坡道平面,34.3,1500000,,RPWPMLQKNHOFFBH96CB
中壢區,房地(土地+建物)+車位,青芝段91~120地號,14.23,住,,,1061121,土地1建物1車位1,三層,14,住宅大樓(11層含以上有電梯),住家用,鋼筋混凝土造,,110.02,2,2,1,有,無,7200000,76598,坡道平面,34.3,1400000,,RPXPMLQKNHOFFBH07CB
中壢區,房地(土地+建物)+車位,青芝段91~120地號,14.23,住,,,1061020,土地1建物1車位1,九層,14,住宅大樓(11層含以上有電梯),住家用,鋼筋混凝土造,,105.26,2,2,1,有,無,7080000,76334,坡道平面,29.54,1300000,,RPOQMLQKNHOFFBH88CB
中壢區,房地(土地+建物)+車位,青芝段91~120地號,14.23,住,,,1061021,土地1建物1車位1,十層,14,住宅大樓(11層含以上有電梯),住家用,鋼筋混凝土造,,105.26,2,2,1,有,無,7080000,76334,坡道平面,29.54,1300000,,RPPQMLQKNHOFFBH98CB
中壢區,房地(土地+建物)+車位,青芝段91~120地號,22.04,住,,,1070722,土地1建物1車位1,十二層,14,住宅大樓(11層含以上有電梯),住家用,鋼筋混凝土造,,159.33,3,2,2,有,無,11420000,79341,坡道平面,34.3,1500000,售價包含裝潢或家電。,RPQQMLQKNHOFFBH09CB
中壢區,房地(土地+建物)+車位,青芝段91~120地號,14.23,住,,,1061018,土地1建物1車位1,十二層,14,住宅大樓(11層含以上有電梯),住家用,鋼筋混凝土造,,105.26,2,2,1,有,無,7100000,77919,坡道平面,29.54,1200000,,RPSQMLQKNHOFFBH66CB
中壢區,房地(土地+建物)+車位,青芝段91~120地號,14.23,住,,,1061014,土地1建物1車位1,十三層,14,住宅大樓(11層含以上有電梯),住家用,鋼筋混凝土造,,105.26,2,2,1,有,無,7150000,77258,坡道平面,29.54,1300000,,RPTQMLQKNHOFFBH76CB
平鎮區,房地(土地+建物)+車位,廣西段691~720地號,42.93,住,,,1070421,土地1建物1車位1,二層,12,住宅大樓(11層含以上有電梯),住家用,鋼筋混凝土造,,215.2,4,2,2,有,無,13830000,65725,坡道平面,26.84,1450000,,RPSNMLQKNHOFFGH86CB
平鎮區,房地(土地+建物)+車位,廣西段691~720地號,42.93,住,,,1070120,土地1建物1車位1,三層,12,住宅大樓(11層含以上有電梯),住家用,鋼筋混凝土造,,215.2,4,2,2,有,無,13940000,66309,坡道平面,26.84,1450000,,RPTNMLQKNHOFFGH96CB
平鎮區,房地(土地+建物)+車位,廣西段691~720地號,42.93,住,,,1070124,土地1建物1車位1,五層,12,住宅大樓(11層含以上有電梯),住家用,鋼筋混凝土造,,215.2,4,2,2,有,無,13990000,66575,坡道平面,26.84,1450000,,RPUNMLQKNHOFFGH07CB
平鎮區,房地(土地+建物)+車位,廣西段691~720地號,42.93,住,,,1070313,土地1建物1車位1,六層,12,住宅大樓(11層含以上有電梯),住家用,鋼筋混凝土造,,215.2,4,2,2,有,無,15240000,73742,坡道平面,26.84,1350000,,RPVNMLQKNHOFFGH17CB
平鎮區,房地(土地+建物)+車位,廣西段691~720地號,43.13,住,,,1061118,土地1建物1車位2,七層,12,住宅大樓(11層含以上有電梯),住家用,鋼筋混凝土造,,242.04,4,2,2,有,無,12880000,52984,坡道平面,53.68,2900000,,RPWNMLQKNHOFFGH27CB
平鎮區,房地(土地+建物)+車位,廣西段691~720地號,43.13,住,,,1061109,土地1建物1車位2,八層,12,住宅大樓(11層含以上有電梯),住家用,鋼筋混凝土造,,242.04,4,2,2,有,無,15460000,71353,坡道平面,53.68,2020000,,RPXNMLQKNHOFFGH37CB
平鎮區,房地(土地+建物)+車位,廣西段691~720地號,42.93,住,,,1070203,土地1建物1車位1,十層,12,住宅大樓(11層含以上有電梯),住家用,鋼筋混凝土造,,215.2,4,2,2,有,無,15530000,74750,坡道平面,26.84,1450000,,RPOOMLQKNHOFFGH56CB
平鎮區,房地(土地+建物)+車位,廣西段691~720地號,42.93,住,,,1070121,土地1建物1車位1,四層,12,住宅大樓(11層含以上有電梯),住家用,鋼筋混凝土造,,215.2,4,2,2,有,無,13890000,66044,坡道平面,26.84,1450000,,RPPOMLQKNHOFFGH66CB
平鎮區,房地(土地+建物)+車位,廣西段691~720地號,43.13,住,,,1061224,土地1建物1車位2,十一層,12,住宅大樓(11層含以上有電梯),住家用,鋼筋混凝土造,,242.04,4,2,2,有,無,12800000,57231,坡道平面,53.68,2020000,,RPQOMLQKNHOFFGH76CB
平鎮區,房地(土地+建物)+車位,廣西段691~720地號,42.93,住,,,1070110,土地1建物1車位1,九層,12,住宅大樓(11層含以上有電梯),住家用,鋼筋混凝土造,,215.2,4,2,2,有,無,11850000,55479,坡道平面,26.84,1400000,,RPROMLQKNHOFFGH86CB
平鎮區,房地(土地+建物)+車位,廣西段691~720地號,43.13,住,,,1070204,土地1建物1車位2,十二層,12,住宅大樓(11層含以上有電梯),住家用,鋼筋混凝土造,,242.04,4,2,2,有,無,15940000,73901,坡道平面,53.68,2020000,,RPSOMLQKNHOFFGH96CB
平鎮區,房地(土地+建物)+車位,廣西段691~720地號,19.95,住,,,1070309,土地1建物1車位1,二層,12,住宅大樓(11層含以上有電梯),住家用,鋼筋混凝土造,,113.87,2,2,1,有,無,7870000,74917,坡道平面,26.84,1350000,,RPTOMLQKNHOFFGH07CB
平鎮區,房地(土地+建物)+車位,廣西段691~720地號,19.85,住,,,1061029,土地1建物1車位1,三層,12,住宅大樓(11層含以上有電梯),住家用,鋼筋混凝土造,,113.44,2,2,1,有,無,6230000,56351,坡道平面,26.84,1350000,,RPUOMLQKNHOFFGH17CB
平鎮區,房地(土地+建物)+車位,廣西段691~720地號,20.43,住,,,1060917,土地1建物1車位1,四層,12,住宅大樓(11層含以上有電梯),住家用,鋼筋混凝土造,,115.98,2,2,1,有,無,7120000,64730,坡道平面,26.84,1350000,,RPVOMLQKNHOFFGH27CB
平鎮區,房地(土地+建物)+車位,廣西段691~720地號,20.43,住,,,1061216,土地1建物1車位1,五層,12,住宅大樓(11層含以上有電梯),住家用,鋼筋混凝土造,,115.98,2,2,1,有,無,7760000,71909,坡道平面,26.84,1350000,,RPWOMLQKNHOFFGH37CB
平鎮區,房地(土地+建物)+車位,廣西段691~720地號,20.43,住,,,1061125,土地1建物1車位1,六層,12,住宅大樓(11層含以上有電梯),住家用,鋼筋混凝土造,,115.98,2,2,1,有,無,7950000,74041,坡道平面,26.84,1350000,,RPXOMLQKNHOFFGH47CB
平鎮區,房地(土地+建物)+車位,廣西段691~720地號,20.43,住,,,1070210,土地1建物1車位1,七層,12,住宅大樓(11層含以上有電梯),住家用,鋼筋混凝土造,,115.98,2,2,1,有,無,7870000,72022,坡道平面,26.84,1450000,,RPOPMLQKNHOFFGH66CB
平鎮區,房地(土地+建物)+車位,廣西段691~720地號,20.43,住,,,1061128,土地1建物1車位1,八層,12,住宅大樓(11層含以上有電梯),住家用,鋼筋混凝土造,,115.98,2,2,1,有,無,7620000,70339,坡道平面,26.84,1350000,,RPPPMLQKNHOFFGH76CB
平鎮區,房地(土地+建物)+車位,廣西段691~720地號,20.43,住,,,1070419,土地1建物1車位1,十層,12,住宅大樓(11層含以上有電梯),住家用,鋼筋混凝土造,,115.98,2,2,1,有,無,8280000,76621,坡道平面,26.84,1450000,,RPQPMLQKNHOFFGH86CB
平鎮區,房地(土地+建物)+車位,廣西段691~720地號,21.23,住,,,1061227,土地1建物1車位5,十一層,12,住宅大樓(11層含以上有電梯),住家用,鋼筋混凝土造,,223.34,2,2,1,有,無,11080000,75724,坡道平面,134.2,4330000,,RPRPMLQKNHOFFGH96CB
平鎮區,房地(土地+建物)+車位,廣西段691~720地號,20.43,住,,,1070110,土地1建物1車位1,九層,12,住宅大樓(11層含以上有電梯),住家用,鋼筋混凝土造,,115.98,2,2,1,有,無,6500000,57213,坡道平面,26.84,1400000,,RPSPMLQKNHOFFGH07CB
平鎮區,房地(土地+建物)+車位,廣西段691~720地號,20.43,住,,,1070312,土地1建物1車位1,十二層,12,住宅大樓(11層含以上有電梯),住家用,鋼筋混凝土造,,115.98,2,2,1,有,無,7600000,68993,坡道平面,26.84,1450000,,RPTPMLQKNHOFFGH17CB
平鎮區,房地(土地+建物)+車位,廣西段691~720地號,29.38,住,,,1070409,土地1建物1車位1,三層,12,住宅大樓(11層含以上有電梯),住家用,鋼筋混凝土造,,155.36,3,2,2,有,無,10050000,66916,坡道平面,26.84,1450000,,RPUPMLQKNHOFFGH27CB
平鎮區,房地(土地+建物)+車位,廣西段691~720地號,30.2,住,,,1070503,土地1建物1車位1,四層,12,住宅大樓(11層含以上有電梯),住家用,鋼筋混凝土造,,159.11,3,2,2,有,無,10700000,70689,坡道平面,26.84,1350000,,RPVPMLQKNHOFFGH37CB
平鎮區,房地(土地+建物)+車位,廣西段691~720地號,30.2,住,,,1070505,土地1建物1車位1,五層,12,住宅大樓(11層含以上有電梯),住家用,鋼筋混凝土造,,159.11,3,2,2,有,無,8600000,54812,坡道平面,26.84,1350000,,RPWPMLQKNHOFFGH47CB
平鎮區,房地(土地+建物)+車位,廣西段691~720地號,30.2,住,,,1070514,土地1建物1車位1,六層,12,住宅大樓(11層含以上有電梯),住家用,鋼筋混凝土造,,159.11,3,2,2,有,無,10800000,70689,坡道平面,26.84,1450000,,RPXPMLQKNHOFFGH57CB
平鎮區,房地(土地+建物)+車位,廣西段691~720地號,30.2,住,,,1061224,土地1建物1車位1,七層,12,住宅大樓(11層含以上有電梯),住家用,鋼筋混凝土造,,159.11,3,2,2,有,無,10680000,70538,坡道平面,26.84,1350000,,RPOQMLQKNHOFFGH76CB
平鎮區,房地(土地+建物)+車位,廣西段691~720地號,30.2,住,,,1061022,土地1建物1車位1,八層,12,住宅大樓(11層含以上有電梯),住家用,鋼筋混凝土造,,159.11,3,2,2,有,無,9280000,59953,坡道平面,26.84,1350000,,RPPQMLQKNHOFFGH86CB
平鎮區,房地(土地+建物)+車位,廣西段691~720地號,30.2,住,,,1061026,土地1建物1車位1,九層,12,住宅大樓(11層含以上有電梯),住家用,鋼筋混凝土造,,159.11,3,2,2,有,無,9500000,61616,坡道平面,26.84,1350000,,RPQQMLQKNHOFFGH96CB
平鎮區,房地(土地+建物)+車位,廣西段691~720地號,30.2,住,,,1070320,土地1建物1車位1,十層,12,住宅大樓(11層含以上有電梯),住家用,鋼筋混凝土造,,159.11,3,2,2,有,無,11200000,74469,坡道平面,26.84,1350000,,RPRQMLQKNHOFFGH07CB
平鎮區,房地(土地+建物)+車位,廣西段691~720地號,30.2,住,,,1070427,土地1建物1車位1,十一層,12,住宅大樓(11層含以上有電梯),住家用,鋼筋混凝土造,,159.11,3,2,2,有,無,8950000,57458,坡道平面,26.84,1350000,,RPSQMLQKNHOFFGH17CB
平鎮區,房地(土地+建物)+車位,廣西段691~720地號,30.2,住,,,1070319,土地1建物1車位1,十二層,12,住宅大樓(11層含以上有電梯),住家用,鋼筋混凝土造,,159.11,3,2,2,有,無,10780000,71294,坡道平面,26.84,1350000,,RPTQMLQKNHOFFGH27CB
平鎮區,房地(土地+建物)+車位,廣西段691~720地號,29.38,住,,,1061019,土地1建物1車位1,三層,12,住宅大樓(11層含以上有電梯),住家用,鋼筋混凝土造,,155.36,3,2,2,有,無,10310000,69717,坡道平面,26.84,1350000,,RPUQMLQKNHOFFGH37CB
平鎮區,房地(土地+建物)+車位,廣西段691~720地號,30.2,住,,,1061118,土地1建物1車位1,四層,12,住宅大樓(11層含以上有電梯),住家用,鋼筋混凝土造,,159.11,3,2,2,有,無,9760000,63582,坡道平面,26.84,1350000,,RPVQMLQKNHOFFGH47CB
平鎮區,房地(土地+建物)+車位,廣西段691~720地號,30.2,住,,,1061013,土地1建物1車位1,五層,12,住宅大樓(11層含以上有電梯),住家用,鋼筋混凝土造,,159.11,3,2,2,有,無,10960000,71898,坡道平面,26.84,1450000,,RPWQMLQKNHOFFGH57CB
平鎮區,房地(土地+建物)+車位,廣西段691~720地號,30.2,住,,,1061022,土地1建物1車位1,六層,12,住宅大樓(11層含以上有電梯),住家用,鋼筋混凝土造,,159.11,3,2,2,有,無,10390000,68345,坡道平面,26.84,1350000,,RPXQMLQKNHOFFGH67CB
平鎮區,房地(土地+建物)+車位,廣西段691~720地號,30.2,住,,,1060920,土地1建物1車位1,七層,12,住宅大樓(11層含以上有電梯),住家用,鋼筋混凝土造,,159.11,3,2,2,有,無,9350000,59726,坡道平面,26.84,1450000,,RPORMLQKNHOFFGH86CB
平鎮區,房地(土地+建物)+車位,廣西段691~720地號,30.2,住,,,1061022,土地1建物1車位1,八層,12,住宅大樓(11層含以上有電梯),住家用,鋼筋混凝土造,,159.11,3,2,2,有,無,10730000,70916,坡道平面,26.84,1350000,,RPPRMLQKNHOFFGH96CB
平鎮區,房地(土地+建物)+車位,廣西段691~720地號,30.2,住,,,1060831,土地1建物1車位1,九層,12,住宅大樓(11層含以上有電梯),住家用,鋼筋混凝土造,,159.11,3,2,2,有,無,9350000,60482,坡道平面,26.84,1350000,,RPQRMLQKNHOFFGH07CB
平鎮區,房地(土地+建物)+車位,廣西段691~720地號,30.4,住,,,1061105,土地1建物1車位2,十一層,12,住宅大樓(11層含以上有電梯),住家用,鋼筋混凝土造,,185.95,3,2,2,有,無,10300000,55946,坡道平面,53.68,2900000,,RPRRMLQKNHOFFGH17CB
平鎮區,房地(土地+建物)+車位,廣西段691~720地號,30.2,住,,,1070413,土地1建物1車位1,十二層,12,住宅大樓(11層含以上有電梯),住家用,鋼筋混凝土造,,159.11,3,2,2,有,無,10880000,72050,坡道平面,26.84,1350000,,RPSRMLQKNHOFFGH27CB
平鎮區,房地(土地+建物)+車位,廣西段691~720地號,30.2,住,,,1070520,土地1建物1車位1,十層,12,住宅大樓(11層含以上有電梯),住家用,鋼筋混凝土造,,159.11,3,2,2,有,無,11040000,73259,坡道平面,26.84,1350000,,RPTRMLQKNHOFFGH37CB
平鎮區,房地(土地+建物)+車位,廣西段691~720地號,19.95,住,,,1061231,土地1建物1車位1,二層,12,住宅大樓(11層含以上有電梯),住家用,鋼筋混凝土造,,113.87,2,2,1,有,無,8000000,75261,坡道平面,26.84,1450000,,RPURMLQKNHOFFGH47CB
平鎮區,房地(土地+建物)+車位,廣西段691~720地號,19.85,住,,,1060905,土地1建物1車位1,三層,12,住宅大樓(11層含以上有電梯),住家用,鋼筋混凝土造,,113.44,2,2,1,有,無,7840000,74942,坡道平面,26.84,1350000,,RPVRMLQKNHOFFGH57CB
平鎮區,房地(土地+建物)+車位,廣西段691~720地號,20.43,住,,,1060916,土地1建物1車位1,四層,12,住宅大樓(11層含以上有電梯),住家用,鋼筋混凝土造,,115.98,2,2,1,有,無,7560000,69666,坡道平面,26.84,1350000,,RPWRMLQKNHOFFGH67CB
平鎮區,房地(土地+建物)+車位,廣西段691~720地號,20.43,住,,,1061002,土地1建物1車位1,五層,12,住宅大樓(11層含以上有電梯),住家用,鋼筋混凝土造,,115.98,2,2,1,有,無,7360000,67422,坡道平面,26.84,1350000,,RPXRMLQKNHOFFGH77CB
平鎮區,房地(土地+建物)+車位,廣西段691~720地號,20.43,住,,,1061001,土地1建物1車位1,六層,12,住宅大樓(11層含以上有電梯),住家用,鋼筋混凝土造,,115.98,2,2,1,有,無,6500000,57774,坡道平面,26.84,1350000,,RPOSMLQKNHOFFGH96CB
平鎮區,房地(土地+建物)+車位,廣西段691~720地號,20.43,住,,,1061112,土地1建物1車位1,七層,12,住宅大樓(11層含以上有電梯),住家用,鋼筋混凝土造,,115.98,2,2,1,有,無,7980000,74377,坡道平面,26.84,1350000,,RPPSMLQKNHOFFGH07CB
平鎮區,房地(土地+建物)+車位,廣西段691~720地號,20.43,住,,,1061022,土地1建物1車位1,八層,12,住宅大樓(11層含以上有電梯),住家用,鋼筋混凝土造,,115.98,2,2,1,有,無,6650000,58335,坡道平面,26.84,1450000,,RPQSMLQKNHOFFGH17CB
平鎮區,房地(土地+建物)+車位,廣西段691~720地號,20.43,住,,,1070324,土地1建物1車位1,九層,12,住宅大樓(11層含以上有電梯),住家用,鋼筋混凝土造,,115.98,2,2,1,有,無,7780000,72134,坡道平面,26.84,1350000,,RPRSMLQKNHOFFGH27CB
平鎮區,房地(土地+建物)+車位,廣西段691~720地號,20.43,住,,,1070506,土地1建物1車位1,十層,12,住宅大樓(11層含以上有電梯),住家用,鋼筋混凝土造,,115.98,2,2,1,有,無,7860000,71909,坡道平面,26.84,1450000,,RPSSMLQKNHOFFGH37CB
平鎮區,房地(土地+建物)+車位,廣西段691~720地號,20.43,住,,,1061104,土地1建物1車位1,十二層,12,住宅大樓(11層含以上有電梯),住家用,鋼筋混凝土造,,115.98,2,2,1,有,無,7420000,68095,坡道平面,26.84,1350000,,RPTSMLQKNHOFFGH47CB
平鎮區,房地(土地+建物)+車位,廣西段691~720地號,43.01,住,,,1061231,土地1建物1車位1,二層,12,住宅大樓(11層含以上有電梯),住家用,鋼筋混凝土造,,215.53,4,2,2,有,無,15070000,72182,坡道平面,26.84,1450000,,RPUSMLQKNHOFFGH57CB
平鎮區,房地(土地+建物)+車位,廣西段691~720地號,43.21,住,,,1061002,土地1建物1車位2,四層,12,住宅大樓(11層含以上有電梯),住家用,鋼筋混凝土造,,242.37,4,2,2,有,無,15210000,69108,坡道平面,53.68,2170000,,RPVSMLQKNHOFFGH67CB
平鎮區,房地(土地+建物)+車位,廣西段691~720地號,43.01,住,,,1061117,土地1建物1車位1,五層,12,住宅大樓(11層含以上有電梯),住家用,鋼筋混凝土造,,215.53,4,2,2,有,無,14120000,67677,坡道平面,26.84,1350000,,RPWSMLQKNHOFFGH77CB
平鎮區,房地(土地+建物)+車位,廣西段691~720地號,43.21,住,,,1061008,土地1建物1車位2,八層,12,住宅大樓(11層含以上有電梯),住家用,鋼筋混凝土造,,242.37,4,2,2,有,無,16260000,75468,坡道平面,53.68,2020000,,RPXSMLQKNHOFFGH87CB
平鎮區,房地(土地+建物)+車位,廣西段691~720地號,43.01,住,,,1061111,土地1建物1車位1,九層,12,住宅大樓(11層含以上有電梯),住家用,鋼筋混凝土造,,215.53,4,2,2,有,無,12350000,58297,坡道平面,26.84,1350000,,RPOTMLQKNHOFFGH07CB
平鎮區,房地(土地+建物)+車位,廣西段691~720地號,43.01,住,,,1060925,土地1建物1車位1,十層,12,住宅大樓(11層含以上有電梯),住家用,鋼筋混凝土造,,215.53,4,2,2,有,無,12500000,59092,坡道平面,26.84,1350000,,RPPTMLQKNHOFFGH17CB
平鎮區,房地(土地+建物)+車位,廣西段691~720地號,43.01,住,,,1070217,土地1建物1車位1,十一層,12,住宅大樓(11層含以上有電梯),住家用,鋼筋混凝土造,,215.53,4,2,2,有,無,15120000,72447,坡道平面,26.84,1450000,,RPQTMLQKNHOFFGH27CB
平鎮區,房地(土地+建物)+車位,廣西段691~720地號,43.01,住,,,1061228,土地1建物1車位1,十二層,12,住宅大樓(11層含以上有電梯),住家用,鋼筋混凝土造,,215.53,4,2,2,有,無,14280000,67995,坡道平面,26.84,1450000,,RPRTMLQKNHOFFGH37CB
平鎮區,房地(土地+建物)+車位,廣西段691~720地號,43.01,住,,,1070205,土地1建物1車位1,三層,12,住宅大樓(11層含以上有電梯),住家用,鋼筋混凝土造,,215.53,4,2,2,有,無,15000000,71811,坡道平面,26.84,1450000,,RPSTMLQKNHOFFGH47CB
平鎮區,房地(土地+建物)+車位,廣西段691~720地號,43.21,住,,,1061013,土地1建物1車位2,六層,12,住宅大樓(11層含以上有電梯),住家用,鋼筋混凝土造,,242.37,4,2,2,有,無,15480000,67730,坡道平面,53.68,2700000,,RPTTMLQKNHOFFGH57CB
新竹市,房地(土地+建物),香村段421~450地號,226.16,其他,山坡地保育區,丙種建築用地,1080113,土地6建物1車位0,全,3,透天厝,住家用,鋼筋混凝土造,,190.33,4,2,3,有,無,10320000,54222,,0.0,0,全棟交易,RPPQMLOKNHOFFAO76CB
新竹市,房地(土地+建物),香村段391~420地號,207.99,其他,山坡地保育區,丙種建築用地,1080201,土地6建物1車位0,全,3,透天厝,住家用,鋼筋混凝土造,,189.52,4,2,3,有,無,10620000,56036,,0.0,0,全棟交易,RPQQMLOKNHOFFAO86CB
新竹市,房地(土地+建物),香村段421~450地號,236.85,其他,山坡地保育區,丙種建築用地,1071231,土地6建物1車位0,全,3,透天厝,住家用,鋼筋混凝土造,,171.61,4,2,3,有,無,11080000,64565,,0.0,0,全棟交易,RPRQMLOKNHOFFAO96CB
新竹市,房地(土地+建物),香村段421~450地號,218.25,其他,山坡地保育區,丙種建築用地,1071228,土地6建物1車位0,全,3,透天厝,住家用,鋼筋混凝土造,,190.42,4,2,3,有,無,10300000,54091,,0.0,0,"協力廠商,全棟交易",RPSQMLOKNHOFFAO07CB
新竹市,房地(土地+建物),香村段421~450地號,212.35,其他,山坡地保育區,丙種建築用地,1080309,土地6建物1車位0,全,3,透天厝,住家用,鋼筋混凝土造,,190.33,4,2,3,有,無,10080000,52961,,0.0,0,全棟交易,RPTQMLOKNHOFFAO17CB
新竹市,房地(土地+建物),香村段241~270地號,231.1,其他,山坡地保育區,丙種建築用地,1080115,土地7建物1車位0,全,3,透天厝,住家用,鋼筋混凝土造,,199.58,4,2,3,有,無,11440000,57320,,0.0,0,全棟交易,RPUQMLOKNHOFFAO27CB
新竹市,房地(土地+建物),香村段421~450地號,220.49,其他,山坡地保育區,丙種建築用地,1080118,土地6建物1車位0,全,3,透天厝,住家用,鋼筋混凝土造,,155.25,4,2,3,有,無,10850000,69887,,0.0,0,全棟交易,RPVQMLOKNHOFFAO37CB
新竹市,房地(土地+建物),香村段391~420地號,241.85,其他,山坡地保育區,丙種建築用地,1080114,土地6建物1車位0,全,3,透天厝,住家用,鋼筋混凝土造,,194.71,4,2,3,有,無,10750000,55210,,0.0,0,全棟交易,RPWQMLOKNHOFFAO47CB
新竹市,房地(土地+建物),香村段421~450地號,212.35,其他,山坡地保育區,丙種建築用地,1080113,土地6建物1車位0,全,3,透天厝,住家用,鋼筋混凝土造,,190.33,4,2,3,有,無,10250000,53854,,0.0,0,全棟交易,RPXQMLOKNHOFFAO57CB
