title,paiming,uri,lat,lng,recommend_price,hotel_address,hotel_star,hotel_city,hotel_section,price_range,avg_rating,comment_count,offical_img_uri,facility,room,agoda_price,gmap_lat,gmap_lng
兆品酒店嘉義,嘉義排名第 1 的超值住宿地點，共 122 家,https://www.tripadvisor.com.tw/Hotel_Review-g13808399-d308696-Reviews-Maison_de_Chine_Hotel_Chiayi-West_District_Chiayi.html,23.492572784423828,120.43244934082031,"NT$1,706",文化路257號,3.5,嘉義,西區,"NT$1,823 - NT$4,111",5.0,1980,https://media-cdn.tripadvisor.com/media/photo-s/0a/38/c9/5c/caption.jpg,"禁菸客房, 套房, 家庭房, 遮光窗簾, 空調設施, 房務, 迷你吧, 平板電視, 私人陽台, 客房服務, 保險箱, 冰箱","免費停車, 免費高速上網 (WiFi), 有健身房的健身中心, 免費早餐, 兒童可享免費住宿, 兒童活動 (適合兒童/家庭), 免費機場接送, 提供上網服務的商務中心, 停車, 免費網際網路, 無線網路, 公用無線網路, 網際網路, 餐廳, 提供早餐, 自助式早餐, 免費即溶咖啡, 免費接駁或計程車服務, 機場接送, 巴士接駁服務, 包車, 計程車服務, 會議設施, 宴會廳, 會議室, 行李存放, 禮賓服務, 禁菸飯店, 24 小時服務櫃台, 乾洗服務, 洗衣服務, 自助式洗衣, 燙衣服務","NT$1,948",23.483397,120.448746
福泰桔子商旅 嘉義文化店,嘉義排名第 2 的超值住宿地點，共 122 家,https://www.tripadvisor.com.tw/Hotel_Review-g13806498-d11998083-Reviews-Orange_Hotel_Wenhua_Chiayi-East_District_Chiayi.html,23.483396530151367,120.44874572753906,NT$694,文化路169號,3.5,嘉義,東區,"NT$773 - NT$2,751",5.0,2600,https://media-cdn.tripadvisor.com/media/photo-s/13/10/24/32/photo0jpg.jpg,"禁菸客房, 套房, 家庭房, 遮光窗簾, 空調設施, 保險箱, 冰箱, 平板電視","免費停車, 免費高速上網 (WiFi), 免費早餐, 兒童活動 (適合兒童/家庭), 計程車服務, 行李存放, 禁菸飯店, 乾洗服務, 免費網際網路, 無線網路, 公用無線網路, 網際網路, 餐廳, 提供早餐, 自助式早餐, 免費即溶咖啡, 共用休息室/電視區, 洗衣服務, 自助式洗衣","NT$1,706",23.481085,120.44938
承億文旅-桃城茶樣子,嘉義排名第 3 的超值住宿地點，共 122 家,https://www.tripadvisor.com.tw/Hotel_Review-g13806498-d6767724-Reviews-Hotel_Day_Plus_Teascape-East_District_Chiayi.html,23.4810848236084,120.44937896728516,"NT$2,559",東區忠孝路516號,4.0,嘉義,東區,"NT$2,503 - NT$5,007",4.5,428,https://media-cdn.tripadvisor.com/media/photo-s/0e/cb/6d/b9/photo4jpg.jpg,"禁菸客房, 套房, 家庭房, 空調設施, 房務, 迷你吧, 冰箱, 平板電視","免費停車, 免費高速上網 (WiFi), 游泳池, 有健身房的健身中心, 免費早餐, 兒童活動 (適合兒童/家庭), 巴士接駁服務, 會議設施, 免費網際網路, 無線網路, 公用無線網路, 網際網路, 屋頂游泳池, 室外游泳池, 酒吧/酒廊, 餐廳, 提供早餐, 自助式早餐, 游泳池酒吧, 屋頂酒吧, 會議室, 屋頂露台, 禮賓服務, 禁菸飯店, 洗衣服務",,23.493654,120.45281
嘉義商旅,嘉義排名第 4 的超值住宿地點，共 122 家,https://www.tripadvisor.com.tw/Hotel_Review-g13808399-d2144929-Reviews-Hotel_Day_Plus_Chiayi-West_District_Chiayi.html,23.493654251098633,120.45281219482422,"NT$1,303",垂楊路866號,3.5,嘉義,西區,"NT$1,205 - NT$3,554",4.5,642,https://media-cdn.tripadvisor.com/media/photo-s/01/e5/9f/5c/room.jpg,"空調設施, 冰箱, 平板電視","免費停車, 免費高速上網 (WiFi), 免費早餐, 兒童活動 (適合兒童/家庭), 巴士接駁服務, 提供上網服務的商務中心, 會議室, 禁菸飯店, 免費網際網路, 無線網路, 公用無線網路, 網際網路, 餐廳, 自助式早餐, 乾洗服務, 洗衣服務, 自助式洗衣","NT$3,429",23.473146,120.43753
天成文旅-繪日之丘,嘉義排名第 5 的超值住宿地點，共 122 家,https://www.tripadvisor.com.tw/Hotel_Review-g13806498-d10593117-Reviews-Sun_Dialogue_Hotel-East_District_Chiayi.html,23.473146438598633,120.43753051757812,"NT$2,041",大雅路一段888號 嘉义市,3.5,嘉義,東區,"NT$1,916 - NT$5,038",5.0,2509,https://media-cdn.tripadvisor.com/media/photo-s/0c/37/0e/4c/caption.jpg,"禁菸客房, 套房, 家庭房, 空調設施","免費停車, 免費高速上網 (WiFi), 免費網際網路, 免費早餐, 餐廳, 兒童活動 (適合兒童/家庭), 行李存放, 禮賓服務, 無線網路, 網際網路, 自助式早餐, 禁菸飯店",,23.480272,120.48335
寬悅花園酒店,嘉義排名第 6 的超值住宿地點，共 122 家,https://www.tripadvisor.com.tw/Hotel_Review-g13806498-d14162885-Reviews-Kuan_Hotel-East_District_Chiayi.html,23.48027229309082,120.48335266113281,"NT$1,978",保順路69號,4.0,嘉義,東區,"NT$2,318 - NT$4,327",4.5,74,https://media-cdn.tripadvisor.com/media/photo-s/15/5b/5a/34/caption.jpg,"禁菸客房, 套房, 家庭房, 空調設施, 冰箱","免費停車, 免費高速上網 (WiFi), 有健身房的健身中心, 酒吧/酒廊, 兒童活動 (適合兒童/家庭), 允許攜帶寵物 (可帶狗/寵物), 巴士接駁服務, 提供上網服務的商務中心, 免費網際網路, 無線網路, 公用無線網路, 網際網路, 餐廳, 提供早餐, 會議設施, 宴會廳, 會議室, 禮賓服務, 禁菸飯店, 自助式洗衣",,23.504875,120.44996
嘉義亮點旅店,嘉義排名第 7 的超值住宿地點，共 122 家,https://www.tripadvisor.com.tw/Hotel_Review-g13808399-d11651303-Reviews-Hotel_Discover-West_District_Chiayi.html,23.50487518310547,120.44995880126953,"NT$1,582",仁愛路560號,3.5,嘉義,西區,"NT$1,638 - NT$2,782",4.5,108,https://media-cdn.tripadvisor.com/media/photo-s/0f/2c/3c/83/hotel-discover.jpg,"禁菸客房, 套房, 空調設施, 客房服務","免費高速上網 (WiFi), 免費網際網路, 無線網路, 網際網路, 有健身房的健身中心, 餐廳, 洗衣服務",,23.425531,120.53754
安蘭居國際青年館,嘉義排名第 8 的超值住宿地點，共 122 家,https://www.tripadvisor.com.tw/Hotel_Review-g13808399-d4474640-Reviews-An_Lan_Jie_Hostel-West_District_Chiayi.html,23.4255313873291,120.53753662109375,"NT$1,098",蘭井街465號14樓之一,2.0,嘉義,西區,"NT$1,082 - NT$2,843",5.0,95,https://media-cdn.tripadvisor.com/media/photo-s/11/4b/6d/c3/standard-double-room.jpg,"禁菸客房, 套房, 家庭房, 空調設施, 小廚房","免費高速上網 (WiFi), 免費網際網路, 免費早餐, 提供早餐, 會議設施, 會議室, 禁菸飯店, 自助式洗衣, 無線網路, 公用無線網路, 網際網路",,23.476631,120.44163
嘉義樂客商務旅館,嘉義排名第 9 的超值住宿地點，共 122 家,https://www.tripadvisor.com.tw/Hotel_Review-g13808399-d6557476-Reviews-Look_Hotel_Chiayi-West_District_Chiayi.html,23.47663116455078,120.4416275024414,NT$947,東區林森西路155號,3.5,嘉義,西區,"NT$1,113 - NT$2,843",4.0,46,https://media-cdn.tripadvisor.com/media/photo-s/0c/e8/52/98/caption.jpg,禁菸客房,免費網際網路,,23.483992,120.447876
尊皇大飯店,嘉義排名第 10 的超值住宿地點，共 122 家,https://www.tripadvisor.com.tw/Hotel_Review-g13808399-d7226996-Reviews-Tsun_Huang_Hotel-West_District_Chiayi.html,23.483991622924805,120.4478759765625,"NT$1,469",西區大華路250號,4.0,嘉義,西區,"NT$1,669 - NT$3,276",4.0,78,https://media-cdn.tripadvisor.com/media/photo-s/0e/d4/d9/0a/caption.jpg,"禁菸客房, 家庭房, 空調設施, 客房服務, 平板電視","免費停車, 免費高速上網 (WiFi), 游泳池, 有健身房的健身中心, 酒吧/酒廊, 巴士接駁服務, 提供上網服務的商務中心, 宴會廳, 免費網際網路, 無線網路, 公用無線網路, 網際網路, 餐廳, 提供早餐, 自助式早餐, 會議室, 禮賓服務, 禁菸飯店",,23.473824,120.421776
皇爵大飯店,嘉義排名第 11 的超值住宿地點，共 122 家,https://www.tripadvisor.com.tw/Hotel_Review-g13808399-d584028-Reviews-Chiayi_King_Hotel-West_District_Chiayi.html,23.47382354736328,120.4217758178711,"NT$1,196",新榮路234號,3.5,嘉義,西區,"NT$1,113 - NT$2,163",4.0,105,https://media-cdn.tripadvisor.com/media/photo-s/10/47/b2/21/caption.jpg,"禁菸客房, 家庭房, 空調設施, 冰箱, 平板電視","免費停車, 免費高速上網 (WiFi), 免費早餐, 提供上網服務的商務中心, 會議設施, 禮賓服務, 禁菸飯店, 乾洗服務, 免費網際網路, 無線網路, 公用無線網路, 網際網路, 餐廳, 提供早餐, 自助式早餐, 會議室, 自助式洗衣","NT$1,469",23.480005,120.44413
嘉楠風華酒店,嘉義排名第 12 的超值住宿地點，共 122 家,https://www.tripadvisor.com.tw/Hotel_Review-g13808399-d12259955-Reviews-Orient_Luxury_Hotel-West_District_Chiayi.html,23.480005264282227,120.44412994384766,"NT$1,460",西區四維路232號,3.5,嘉義,西區,"NT$1,700 - NT$3,801",3.5,28,https://media-cdn.tripadvisor.com/media/photo-s/11/a0/6b/b1/caption.jpg,,,,23.482565,120.42742
耐斯王子飯店,嘉義排名第 13 的超值住宿地點，共 122 家,https://www.tripadvisor.com.tw/Hotel_Review-g13806498-d617452-Reviews-Nice_Prince_Hotel-East_District_Chiayi.html,23.48256492614746,120.42742156982422,"NT$2,182",東區忠孝路600號,4.0,嘉義,東區,"NT$2,598 - NT$4,078",4.0,146,https://media-cdn.tripadvisor.com/media/photo-s/12/3d/d4/9c/caption.jpg,"禁菸客房, 套房, 家庭房, 空調設施, 客房服務","免費停車, 免費高速上網 (WiFi), 有健身房的健身中心, 免費早餐, 提供上網服務的商務中心, 宴會廳, Spa, 禁菸飯店, 免費網際網路, 無線網路, 網際網路, 酒吧/酒廊, 餐廳, 自助式早餐, 乾洗服務, 洗衣服務",,23.496672,120.453354
嘉義皇品國際酒店,嘉義排名第 14 的超值住宿地點，共 122 家,https://www.tripadvisor.com.tw/Hotel_Review-g13808399-d6615165-Reviews-Royal_Chiayi_Hotel-West_District_Chiayi.html,23.496671676635742,120.45335388183594,"NT$1,948",自由路468號,4.0,嘉義,西區,"NT$2,040 - NT$5,254",4.0,104,https://media-cdn.tripadvisor.com/media/photo-s/13/bd/e7/ac/caption.jpg,"禁菸客房, 套房, 家庭房, 空調設施, 客房服務, 冰箱","免費停車, 免費高速上網 (WiFi), 有健身房的健身中心, 免費早餐, 提供上網服務的商務中心, 會議設施, 禁菸飯店, 洗衣服務, 免費網際網路, 無線網路, 網際網路, 酒吧/酒廊, 餐廳, 提供早餐, 宴會廳, 會議室, 自助式洗衣",,23.492573,120.43245
Hotel Hi 新民店,嘉義排名第 15 的超值住宿地點，共 122 家,https://www.tripadvisor.com.tw/Hotel_Review-g13808399-d4406586-Reviews-Hotel_Hi_Xinmin-West_District_Chiayi.html,23.492572784423828,120.43244934082031,NT$970,西區新民路784-1號,3.5,嘉義,西區,"NT$1,329 - NT$2,905",3.5,66,https://media-cdn.tripadvisor.com/media/photo-s/07/af/cf/5b/hotel-hi.jpg,"禁菸客房, 套房, 家庭房, 空調設施, 客房服務, 冰箱","免費停車, 免費高速上網 (WiFi), 免費網際網路, 提供早餐, 自助式早餐, 兒童活動 (適合兒童/家庭), 巴士接駁服務, 禁菸飯店, 無線網路, 公用無線網路, 網際網路","NT$1,948",23.469938,120.44044
蘭桂坊花園酒店 - 嘉義,嘉義排名第 16 的超值住宿地點，共 122 家,https://www.tripadvisor.com.tw/Hotel_Review-g13808399-d8872689-Reviews-Lan_Kwai_Fong_Garden_Hotel_Chiayi-West_District_Chiayi.html,23.469938278198242,120.44043731689453,"NT$1,184",西區延平街250號,3.5,嘉義,西區,"NT$1,391 - NT$3,740",4.5,49,https://media-cdn.tripadvisor.com/media/photo-s/0e/90/a5/e6/caption.jpg,"空調設施, 客房服務, 冰箱","免費高速上網 (WiFi), 免費網際網路, 無線網路, 免費早餐, 提供早餐, 會議室, 禁菸飯店, 洗衣服務, 公用無線網路, 網際網路",,23.476847,120.44966
日出行旅,嘉義排名第 17 的超值住宿地點，共 122 家,https://www.tripadvisor.com.tw/Hotel_Review-g13808399-d11875764-Reviews-Sun_Rise_Hotel_Chiayi-West_District_Chiayi.html,23.47684669494629,120.44966125488281,"NT$1,171",西區仁愛路347號2樓之2,3.5,嘉義,西區,"NT$1,360 - NT$3,122",4.0,29,https://media-cdn.tripadvisor.com/media/photo-s/0e/b8/c2/16/caption.jpg,"空調設施, 客房服務, 冰箱","免費高速上網 (WiFi), 免費網際網路, 無線網路, 公用無線網路, 免費早餐, 餐廳, 禮賓服務, 禁菸飯店, 網際網路",,23.47489,120.44209
里亞行旅,嘉義排名第 18 的超值住宿地點，共 122 家,https://www.tripadvisor.com.tw/Hotel_Review-g13808399-d9809645-Reviews-Hotel_Liyaou-West_District_Chiayi.html,23.474889755249023,120.44209289550781,"NT$1,558",永和街100號,3.5,嘉義,西區,"NT$1,793 - NT$3,678",4.5,183,https://media-cdn.tripadvisor.com/media/photo-s/12/d7/89/df/caption.jpg,"禁菸客房, 套房, 家庭房, 空調設施, 冰箱","免費高速上網 (WiFi), 免費早餐, 兒童活動 (適合兒童/家庭), 提供上網服務的商務中心, 會議室, 禮賓服務, 禁菸飯店, 自助式洗衣, 免費網際網路, 無線網路, 公用無線網路, 網際網路, 餐廳, 提供早餐",,23.475876,120.440254
德爾芙快捷酒店,嘉義排名第 19 的超值住宿地點，共 122 家,https://www.tripadvisor.com.tw/Hotel_Review-g13808399-d7649854-Reviews-De_Reve_Express_Hotel-West_District_Chiayi.html,23.475875854492188,120.44025421142578,"NT$1,108",西區仁愛路361號5-11樓,3.0,嘉義,西區,"NT$1,113 - NT$2,967",3.5,38,https://media-cdn.tripadvisor.com/media/photo-s/11/7a/1f/bd/caption.jpg,免費停車,,,23.475397,120.4421
承億輕旅嘉義館,嘉義排名第 20 的超值住宿地點，共 122 家,https://www.tripadvisor.com.tw/Hotel_Review-g13808399-d7598689-Reviews-Light_Hostel_Chiayi-West_District_Chiayi.html,23.47539710998535,120.44210052490234,NT$870,光彩街622號,2.0,嘉義,西區,"NT$927 - NT$1,453",4.5,177,https://media-cdn.tripadvisor.com/media/photo-s/07/5a/8c/ed/caption.jpg,"禁菸客房, 套房, 空調設施, 小廚房","免費高速上網 (WiFi), 免費網際網路, 無線網路, 網際網路, 免費早餐, 提供上網服務的商務中心, 禁菸飯店","NT$1,028",23.477835,120.44406
南院旅墅,嘉義排名第 21 的超值住宿地點，共 122 家,https://www.tripadvisor.com.tw/Hotel_Review-g13806498-d10826191-Reviews-South_Urban_Hotel-East_District_Chiayi.html,23.477834701538086,120.44406127929688,"NT$1,825",東區公明路65號 东区,4.0,嘉義,東區,"NT$2,071 - NT$3,585",4.0,31,https://media-cdn.tripadvisor.com/media/photo-s/0e/2f/f5/1f/caption.jpg,"禁菸客房, 套房","免費停車, 免費高速上網 (WiFi), 免費網際網路, 游泳池, 有健身房的健身中心, 免費早餐, 提供上網服務的商務中心, 禁菸飯店, 無線網路, 公用無線網路, 網際網路, 酒吧/酒廊, 餐廳",,23.4803,120.45867
新高大飯店,嘉義排名第 22 的超值住宿地點，共 122 家,https://www.tripadvisor.com.tw/Hotel_Review-g13808399-d2241487-Reviews-Shin_Kao_Hotel-West_District_Chiayi.html,23.480300903320312,120.45867156982422,NT$615,中山路581號,,嘉義,西區,"NT$711 - NT$1,051",3.5,52,https://media-cdn.tripadvisor.com/media/photo-s/08/c8/d3/da/caption.jpg,空調設施,"免費高速上網 (WiFi), 免費網際網路, 無線網路, 公用無線網路, 網際網路, 禁菸飯店, 洗衣服務",,23.47917,120.44247
嘉義行藝文旅,嘉義排名第 23 的超值住宿地點，共 122 家,https://www.tripadvisor.com.tw/Hotel_Review-g13808399-d8872810-Reviews-Travel_Art_Inn-West_District_Chiayi.html,23.479169845581055,120.44246673583984,"NT$1,156",仁愛路345號,3.0,嘉義,西區,"NT$865 - NT$2,565",4.5,36,https://media-cdn.tripadvisor.com/media/photo-s/0a/68/fa/30/caption.jpg,"禁菸客房, 套房, 家庭房, 空調設施, 迷你吧, 冰箱","免費高速上網 (WiFi), 免費網際網路, 無線網路, 公用無線網路, 免費早餐, 兒童活動 (適合兒童/家庭), 禮賓服務, 禁菸飯店, 網際網路",,23.474737,120.44217
嘉義小青旅,嘉義排名第 24 的超值住宿地點，共 122 家,https://www.tripadvisor.com.tw/Hotel_Review-g13808399-d8354273-Reviews-Petite_Hostel-West_District_Chiayi.html,23.4747371673584,120.44216918945312,"NT$1,097",西區番社里林森西路460號,2.0,嘉義,西區,"NT$494 - NT$1,422",5.0,17,https://media-cdn.tripadvisor.com/media/photo-s/12/cc/77/97/caption.jpg,小廚房,"免費停車, 免費高速上網 (WiFi), 免費網際網路, 無線網路, 公用無線網路, 網際網路, 禁菸飯店, 自助式洗衣",,23.481134,120.44376
嘉義觀止飯店,嘉義排名第 25 的超值住宿地點，共 122 家,https://www.tripadvisor.com.tw/Hotel_Review-g13808399-d7934155-Reviews-Chiayi_Guanzhi_Hotel-West_District_Chiayi.html,23.48113441467285,120.44376373291016,"NT$2,034",中興路467號,3.5,嘉義,西區,"NT$2,102 - NT$3,122",3.5,73,https://media-cdn.tripadvisor.com/media/photo-s/08/ca/aa/55/photo0jpg.jpg,禁菸客房,"免費網際網路, 禁菸飯店",,23.479275,120.42912
晨光飯店,嘉義排名第 26 的超值住宿地點，共 122 家,https://www.tripadvisor.com.tw/Hotel_Review-g13808399-d12419724-Reviews-ML_Hotel-West_District_Chiayi.html,23.47927474975586,120.42912292480469,"NT$1,641",西區光彩街389號,3.5,嘉義,西區,"NT$1,854 - NT$3,585",4.5,15,https://media-cdn.tripadvisor.com/media/photo-s/0f/53/88/3a/caption.jpg,"禁菸客房, 套房, 家庭房, 空調設施, 冰箱","免費停車, 免費高速上網 (WiFi), 免費網際網路, 無線網路, 餐廳, 提供早餐, 禮賓服務, 禁菸飯店, 公用無線網路, 網際網路",,23.478014,120.44879
冠閣大飯店,嘉義排名第 27 的超值住宿地點，共 122 家,https://www.tripadvisor.com.tw/Hotel_Review-g13808399-d4358645-Reviews-Guanko_Hotel-West_District_Chiayi.html,23.47801399230957,120.44879150390625,"NT$2,450",西區忠順一街27號,3.5,嘉義,西區,"NT$1,947 - NT$3,925",4.5,88,https://media-cdn.tripadvisor.com/media/photo-s/06/a9/4d/a8/caption.jpg,免費停車,,,23.483728,120.4342
永悅商務大飯店,嘉義排名第 28 的超值住宿地點，共 122 家,https://www.tripadvisor.com.tw/Hotel_Review-g13808399-d2338185-Reviews-Ever_Delightful_Business_Hotel-West_District_Chiayi.html,23.483728408813477,120.43419647216797,"NT$1,299",西區興業西路369號,3.5,嘉義,西區,"NT$989 - NT$2,782",3.5,21,https://media-cdn.tripadvisor.com/media/photo-s/18/90/24/71/caption.jpg,"城市景觀, 新娘套房, 禁菸客房, 遮光窗簾, 空調設施, 書桌, 冰箱, 第四台/衛星電視, 套房, 家庭房, 客房服務, 保險箱, 沙發, 電話, 衣櫃/壁櫥, 瓶裝水, 衣架, 私人浴室, 喚醒服務/鬧鐘, 電熱水壺, 加長床, 浴缸/淋浴間, 免費衛浴用品, 吹風機","免費停車, 免費高速上網 (WiFi), 自助式早餐, 計程車服務, 提供上網服務的商務中心, 會議室, 按摩椅, 行李存放, 急救箱, 醫務室, 雨傘, 24 小時辦理入住, 24 小時服務櫃台, 自助式洗衣",,23.46747,120.43696
書旅拾光,嘉義排名第 29 的超值住宿地點，共 122 家,https://www.tripadvisor.com.tw/Hotel_Review-g13808399-d12351957-Reviews-Bobooks-West_District_Chiayi.html,23.467470169067383,120.43695831298828,"NT$1,217",東區中正路597號,2.0,嘉義,西區,"NT$587 - NT$1,391",5.0,4,https://media-cdn.tripadvisor.com/media/photo-s/10/e5/9a/ea/imag1322-largejpg.jpg,免費高速上網 (WiFi),,,23.47863,120.44469
嘉宮旅社,嘉義排名第 30 的超值住宿地點，共 122 家,https://www.tripadvisor.com.tw/Hotel_Review-g13808399-d12123689-Reviews-ChiaKon_Hotel-West_District_Chiayi.html,23.47863006591797,120.44468688964844,"NT$1,219",西區新榮路187號,3.0,嘉義,西區,"NT$1,174 - NT$2,287",4.5,5,https://media-cdn.tripadvisor.com/media/photo-s/13/be/6f/23/caption.jpg,"禁菸客房, 套房, 空調設施","免費高速上網 (WiFi), 免費網際網路, 無線網路, 公用無線網路, 網際網路, 免費早餐, 禁菸飯店",,23.47529,120.44452
嘉冠大飯店,嘉義排名第 31 的超值住宿地點，共 122 家,https://www.tripadvisor.com.tw/Hotel_Review-g13808399-d1628329-Reviews-Chiayi_Crown_Hotel-West_District_Chiayi.html,23.478271484375,120.44322967529297,NT$613,西門街238-2號,3.0,嘉義,西區,"NT$711 - NT$11,219",3.0,14,https://media-cdn.tripadvisor.com/media/photo-s/08/d8/e9/5d/caption.jpg,"禁菸客房, 套房, 家庭房, 空調設施","免費停車, 免費高速上網 (WiFi), 免費網際網路, 無線網路, 餐廳, 提供早餐, 允許攜帶寵物 (可帶狗/寵物), 禁菸飯店, 公用無線網路, 網際網路",,23.478271,120.44323
洄嘉居行旅,嘉義排名第 32 的超值住宿地點，共 122 家,https://www.tripadvisor.com.tw/Hotel_Review-g13808399-d16812965-Reviews-Back_Home_Hotel-West_District_Chiayi.html,23.46817970275879,120.4436264038086,NT$582,興業西路123號,3.0,嘉義,西區,"NT$711 - NT$2,442",3.0,1,https://static.tacdn.com/img2/branding/rebrand/TA_brand_logo.png,套房,"免費停車, 免費高速上網 (WiFi), 免費網際網路, 無線網路, 網際網路, 免費早餐, 餐廳, 允許攜帶寵物 (可帶狗/寵物)",,23.46818,120.44363
楓雅SPA 汽車旅館 (大雅館),嘉義排名第 33 的超值住宿地點，共 122 家,https://www.tripadvisor.com.tw/Hotel_Review-g13806498-d2084217-Reviews-Home_Yah_Spa_Motel-East_District_Chiayi.html,23.477890014648438,120.47650909423828,NT$935,大雅路二段256號,3.0,嘉義,東區,"NT$1,051 - NT$1,669",4.0,1,https://media-cdn.tripadvisor.com/media/partner/bookingcom/photo-s/16/cc/d1/6d/propertybuilding.jpg,空調設施,餐廳,,23.47789,120.47651
統一大飯店,嘉義排名第 34 的超值住宿地點，共 122 家,https://www.tripadvisor.com.tw/Hotel_Review-g13806498-d3426916-Reviews-Toong_I_Hotel-East_District_Chiayi.html,23.480419158935547,120.46318054199219,NT$736,西區中正路720號,,嘉義,東區,"NT$834 - NT$1,576",3.5,6,https://media-cdn.tripadvisor.com/media/photo-s/02/c5/c1/f2/getlstd-property-photo.jpg,,,,23.48042,120.46318
柏克山莊汽車旅館,嘉義排名第 35 的超值住宿地點，共 122 家,https://www.tripadvisor.com.tw/Hotel_Review-g13806498-d4495401-Reviews-Park_Motel-East_District_Chiayi.html,23.481470108032227,120.48603057861328,"NT$1,039",大雅路一段790號,3.5,嘉義,東區,"NT$1,174 - NT$2,751",4.0,2,https://media-cdn.tripadvisor.com/media/partner/bookingcom/photo-s/16/ca/a0/fb/3877517.jpg,,,,23.48147,120.48603
鈺通大飯店,嘉義排名第 36 的超值住宿地點，共 122 家,https://www.tripadvisor.com.tw/Hotel_Review-g13806498-d3457898-Reviews-Yuh_Tong_Hotel-East_District_Chiayi.html,23.47953987121582,120.45881652832031,"NT$2,223",維新路7號,4.0,嘉義,東區,"NT$2,380 - NT$3,740",3.5,53,https://media-cdn.tripadvisor.com/media/photo-s/07/d3/5a/3c/caption.jpg,免費停車,,,23.47954,120.45882
榮宮大飯店,嘉義排名第 37 的超值住宿地點，共 122 家,https://www.tripadvisor.com.tw/Hotel_Review-g13808399-d7229114-Reviews-Ron_Gong_Hotel-West_District_Chiayi.html,23.475830078125,120.44331359863281,NT$519,西門街77號,,嘉義,西區,"NT$587 - NT$1,267",3.0,10,https://media-cdn.tripadvisor.com/media/partner/bookingcom/photo-s/18/fc/fb/5d/bed.jpg,套房,"免費停車, 免費高速上網 (WiFi), 免費網際網路, 無線網路, 網際網路, 允許攜帶寵物 (可帶狗/寵物)",,23.47583,120.44331
夢想家商務旅館,嘉義排名第 38 的超值住宿地點，共 122 家,https://www.tripadvisor.com.tw/Hotel_Review-g13808399-d4583412-Reviews-Dreamer_Hotel-West_District_Chiayi.html,23.474809646606445,120.43492889404297,"NT$1,039",布袋鎮新北路22號,,嘉義,西區,"NT$989 - NT$2,936",3.0,10,https://media-cdn.tripadvisor.com/media/daodao/photo-s/03/bc/07/1f/caption.jpg,,"免費高速上網 (WiFi), 免費網際網路, 無線網路, 公用無線網路, 網際網路, 餐廳",,23.47481,120.43493
國園商務大飯店,嘉義排名第 39 的超值住宿地點，共 122 家,https://www.tripadvisor.com.tw/Hotel_Review-g13808399-d1628325-Reviews-Country_Garden_Business_Hotel-West_District_Chiayi.html,23.477602005004883,120.4422836303711,"NT$1,071",光彩街678號,3.0,嘉義,西區,"NT$1,174 - NT$2,349",3.5,49,https://media-cdn.tripadvisor.com/media/photo-s/14/0f/08/d8/caption.jpg,"禁菸客房, 套房, 家庭房, 空調設施","免費高速上網 (WiFi), 免費網際網路, 無線網路, 公用無線網路, 免費早餐, 提供早餐, 禮賓服務, 禁菸飯店, 網際網路","NT$1,133",23.477602,120.44228
玉山國際大飯店,嘉義排名第 40 的超值住宿地點，共 122 家,https://www.tripadvisor.com.tw/Hotel_Review-g13808399-d1841170-Reviews-E_Sun_Villa_Hotel-West_District_Chiayi.html,23.472888946533203,120.43055725097656,NT$859,玉山路65號,3.0,嘉義,西區,"NT$958 - NT$2,658",3.5,15,https://media-cdn.tripadvisor.com/media/daodao/photo-s/02/39/37/e1/caption.jpg,"空調設施, 客房服務, 冰箱","無線網路, 公用無線網路, 網際網路, 乾洗服務, 洗衣服務",NT$859,23.472889,120.43056
文化鹿行旅,嘉義排名第 41 的超值住宿地點，共 122 家,https://www.tripadvisor.com.tw/Hotel_Review-g13806498-d14111878-Reviews-WHD_Inn-East_District_Chiayi.html,23.47749137878418,120.45092010498047,,蘭井街167號,3.0,嘉義,東區,"NT$1,762 - NT$3,152",5.0,4,https://media-cdn.tripadvisor.com/media/photo-s/13/23/25/9c/ikea.jpg,"套房, 客房服務","免費停車, 免費高速上網 (WiFi), 免費網際網路, 無線網路, 免費早餐, 餐廳, 兒童活動 (適合兒童/家庭), 巴士接駁服務, 網際網路","NT$1,732",23.477491,120.45092
金龍海悅大飯店,嘉義排名第 42 的超值住宿地點，共 122 家,https://www.tripadvisor.com.tw/Hotel_Review-g13808399-d1907316-Reviews-Gene_Long_Haiy_Att_Hotel-West_District_Chiayi.html,23.47718048095703,120.44658660888672,NT$736,西區民生北路130號,3.0,嘉義,西區,"NT$742 - NT$2,194",2.5,9,https://media-cdn.tripadvisor.com/media/daodao/photo-s/02/28/be/10/2.jpg,"家庭房, 空調設施","免費高速上網 (WiFi), 免費網際網路, 無線網路, 公用無線網路, 網際網路, 餐廳, 禮賓服務",NT$736,23.47718,120.44659
夏禾國際行舘,嘉義排名第 43 的超值住宿地點，共 122 家,https://www.tripadvisor.com.tw/Hotel_Review-g13808399-d7003120-Reviews-Summer_Seedling_International_Villa-West_District_Chiayi.html,23.475055694580078,120.4271469116211,"NT$1,330",西區大華路50號,3.5,嘉義,西區,"NT$1,545 - NT$2,843",3.5,13,https://media-cdn.tripadvisor.com/media/photo-s/06/66/d4/ae/getlstd-property-photo.jpg,套房,"免費停車, 免費高速上網 (WiFi), 免費網際網路, 無線網路, 網際網路, 免費早餐, 餐廳, 巴士接駁服務",,23.475056,120.42715
新高大飯店,嘉義排名第 44 的超值住宿地點，共 122 家,https://www.tripadvisor.com.tw/Hotel_Review-g13808399-d2241487-Reviews-Shin_Kao_Hotel-West_District_Chiayi.html,23.479169845581055,120.44246673583984,NT$615,中山路581號,,嘉義,西區,"NT$711 - NT$1,051",3.5,52,https://media-cdn.tripadvisor.com/media/photo-s/08/c8/d3/da/caption.jpg,免費高速上網 (WiFi),,,23.47917,120.44247
嘉義小青旅,嘉義排名第 45 的超值住宿地點，共 122 家,https://www.tripadvisor.com.tw/Hotel_Review-g13808399-d8354273-Reviews-Petite_Hostel-West_District_Chiayi.html,23.48113441467285,120.44376373291016,"NT$1,097",西區番社里林森西路460號,2.0,嘉義,西區,"NT$494 - NT$1,422",5.0,17,https://media-cdn.tripadvisor.com/media/photo-s/12/cc/77/97/caption.jpg,小廚房,"免費停車, 免費高速上網 (WiFi), 免費網際網路, 無線網路, 公用無線網路, 網際網路, 禁菸飯店, 自助式洗衣",,23.481134,120.44376
都市叢林汽車旅館,嘉義排名第 46 的超值住宿地點，共 122 家,https://www.tripadvisor.com.tw/Hotel_Review-g13808399-d2458436-Reviews-Jungle_City_Motel-West_District_Chiayi.html,23.48583984375,120.42733001708984,"NT$1,022",四維路269號,3.0,嘉義,西區,"NT$1,174 - NT$2,534",4.0,5,https://media-cdn.tripadvisor.com/media/photo-s/11/01/7f/e2/photo0jpg.jpg,"禁菸客房, 客房服務","無線網路, 公用無線網路, 網際網路, 禁菸飯店",,23.48584,120.42733
鼎川大飯店,嘉義排名第 47 的超值住宿地點，共 122 家,https://www.tripadvisor.com.tw/Hotel_Review-g13808399-d2458224-Reviews-River_Hotel-West_District_Chiayi.html,23.482759475708008,120.43364715576172,"NT$1,039",友愛路207號,3.0,嘉義,西區,"NT$1,144 - NT$2,843",3.5,8,https://media-cdn.tripadvisor.com/media/photo-s/0f/4e/64/28/2f.jpg,"禁菸客房, 家庭房, 空調設施, 客房服務, 冰箱","免費高速上網 (WiFi), 免費網際網路, 無線網路, 公用無線網路, 網際網路, 餐廳, 禮賓服務, 禁菸飯店",,23.48276,120.43365
順億商務旅館,嘉義排名第 48 的超值住宿地點，共 122 家,https://www.tripadvisor.com.tw/Hotel_Review-g13808399-d6635828-Reviews-Shun_yi_Business_Hotel-West_District_Chiayi.html,23.47818946838379,120.44145965576172,,中山路617號10樓,,嘉義,西區,"NT$989 - NT$2,163",4.0,8,https://media-cdn.tripadvisor.com/media/photo-s/05/fa/76/6a/caption.jpg,,,,23.47819,120.44146
樂億皇家渡假酒店,嘉義排名第 49 的超值住宿地點，共 122 家,https://www.tripadvisor.com.tw/Hotel_Review-g13808399-d8419539-Reviews-Look_Royal_Resort-West_District_Chiayi.html,23.469989776611328,120.41795349121094,"NT$2,441",西區玉山路501號,3.5,嘉義,西區,"NT$2,133 - NT$3,523",3.5,32,https://media-cdn.tripadvisor.com/media/photo-s/09/fa/86/e0/caption.jpg,,免費網際網路,,23.46999,120.41795
香緹汽車旅館,嘉義排名第 50 的超值住宿地點，共 122 家,https://www.tripadvisor.com.tw/Hotel_Review-g13808399-d2445660-Reviews-Shantis_Motel-West_District_Chiayi.html,23.482749938964844,120.43121337890625,"NT$1,714",西區八德路2號,4.0,嘉義,西區,"NT$1,947 - NT$2,596",3.5,4,https://static.tacdn.com/img2/branding/rebrand/TA_brand_logo.png,客房服務,,,23.48275,120.43121
書旅拾光,嘉義排名第 51 的超值住宿地點，共 122 家,https://www.tripadvisor.com.tw/Hotel_Review-g13808399-d12351957-Reviews-Bobooks-West_District_Chiayi.html,23.47863006591797,120.44468688964844,,東區中正路597號,2.0,嘉義,西區,"NT$587 - NT$1,391",5.0,4,https://media-cdn.tripadvisor.com/media/photo-s/10/e5/9a/ea/imag1322-largejpg.jpg,免費高速上網 (WiFi),,,23.47863,120.44469
歐遊國際連鎖精品旅館-嘉義摩登館,嘉義排名第 52 的超值住宿地點，共 122 家,https://www.tripadvisor.com.tw/Hotel_Review-g13808399-d2017882-Reviews-Allur_Chain_Boutique_Motel_Classic_Suite_Gallary-West_District_Chiayi.html,23.48210906982422,120.42701721191406,"NT$1,662",四維路185號,3.0,嘉義,西區,"NT$1,885 - NT$3,678",3.5,7,https://static.tacdn.com/img2/branding/rebrand/TA_brand_logo.png,"禁菸客房, 家庭房, 空調設施, 冰箱","免費高速上網 (WiFi), 免費網際網路, 無線網路, 餐廳, 保姆服務, 兒童活動 (適合兒童/家庭), 禮賓服務, 禁菸飯店, 公用無線網路, 網際網路",,23.48211,120.42702
馨邑文旅,嘉義排名第 53 的超值住宿地點，共 122 家,https://www.tripadvisor.com.tw/Hotel_Review-g13808399-d9838617-Reviews-Xinyi_Hotel-West_District_Chiayi.html,23.47747039794922,120.442626953125,,東區光彩街563號,3.0,嘉義,西區,,,,,,,,23.47747,120.44263
香林薇拉民宿,嘉義排名第 54 的超值住宿地點，共 122 家,https://www.tripadvisor.com.tw/Hotel_Review-g13806498-d2247622-Reviews-Village_Villa_B_B-East_District_Chiayi.html,23.48267936706543,120.4627685546875,,竹崎鄉竹崎村中山路6巷1號 ,3.0,嘉義,東區,"NT$1,947 - NT$2,596",4.5,14,https://media-cdn.tripadvisor.com/media/photo-s/05/b0/25/ae/caption.jpg,"禁菸客房, 套房, 家庭房, 小廚房","免費停車, 免費高速上網 (WiFi), 免費網際網路, 無線網路, 免費早餐, 餐廳, 提供上網服務的商務中心, 禁菸飯店, 公用無線網路, 網際網路",,23.48268,120.46277
嘉義背包客五樓趣,嘉義排名第 55 的超值住宿地點，共 122 家,https://www.tripadvisor.com.tw/Hotel_Review-g13808399-d5776840-Reviews-Chiayi_Five_Floor_Fun_Backpacker_Hostel-West_District_Chiayi.html,23.481399536132812,120.4449691772461,,西區西榮街278號,,嘉義,西區,"NT$400 - NT$1,200",5.0,13,https://media-cdn.tripadvisor.com/media/photo-s/09/b8/11/b0/caption.jpg,"空調設施, 冰箱","免費高速上網 (WiFi), 免費網際網路, 無線網路, 公用無線網路, 網際網路, 允許攜帶寵物 (可帶狗/寵物)",,23.4814,120.44497
常春藤汽車旅館,嘉義排名第 56 的超值住宿地點，共 122 家,https://www.tripadvisor.com.tw/Hotel_Review-g13808399-d7645952-Reviews-Ivy_Motel-West_District_Chiayi.html,23.48801040649414,120.4267578125,"NT$1,108",西區四維路313號,4.0,嘉義,西區,"NT$1,267 - NT$1,267",4.0,3,https://media-cdn.tripadvisor.com/media/partner/bookingcom/photo-s/16/c9/bf/c7/facadeentrance.jpg,,,,23.48801,120.42676
嘉義凱特居家住宿,嘉義排名第 57 的超值住宿地點，共 122 家,https://www.tripadvisor.com.tw/Hotel_Review-g13808399-d15212884-Reviews-Chiayi_Kate_House-West_District_Chiayi.html,23.47747039794922,120.4298324584961,"NT$1,281",高鐵大道99號,2.0,嘉義,西區,"NT$1,453 - NT$2,936",4.0,1,https://media-cdn.tripadvisor.com/media/partner/bookingcom/photo-s/16/aa/d2/9d/3894024.jpg,,,,23.47747,120.42983
嘉新大飯店,嘉義排名第 58 的超值住宿地點，共 122 家,https://www.tripadvisor.com.tw/Hotel_Review-g13808399-d11890916-Reviews-Jia_Xin_Hotel-West_District_Chiayi.html,23.478378295898438,120.4423599243164,NT$779,中正路685號,3.0,嘉義,西區,"NT$896 - NT$1,422",4.0,1,https://media-cdn.tripadvisor.com/media/partner/bookingcom/photo-s/16/d1/47/23/facadeentrance.jpg,,,,23.478378,120.44236
樂活507,嘉義排名第 59 的超值住宿地點，共 122 家,https://www.tripadvisor.com.tw/Hotel_Review-g13808399-d12474510-Reviews-Lohas_507-West_District_Chiayi.html,23.479358673095703,120.44464111328125,,西區中山路507號,3.0,嘉義,西區,"NT$1,174 - NT$3,832",4.0,1,https://media-cdn.tripadvisor.com/media/partner/bookingcom/photo-s/16/d0/1b/d3/2295371.jpg,,,,23.479359,120.44464
麗景精品休閒旅館,嘉義排名第 60 的超值住宿地點，共 122 家,https://www.tripadvisor.com.tw/Hotel_Review-g13806498-d7645937-Reviews-Li_Gin_Motel-East_District_Chiayi.html,23.492109298706055,120.4540786743164,"NT$1,212",東區嘉南街137號,3.5,嘉義,東區,"NT$1,329 - NT$2,751",3.5,2,https://static.tacdn.com/img2/branding/rebrand/TA_brand_logo.png,,,,23.49211,120.45408
王子去旅行,嘉義排名第 61 的超值住宿地點，共 122 家,https://www.tripadvisor.com.tw/Hotel_Review-g13808399-d7227439-Reviews-Prince_To_Travel_Hotel-West_District_Chiayi.html,23.476551055908203,120.44329071044922,NT$842,西門街101號,3.0,嘉義,西區,"NT$896 - NT$2,009",3.0,19,https://media-cdn.tripadvisor.com/media/photo-s/07/ba/e4/d9/caption.jpg,"禁菸客房, 套房, 家庭房, 空調設施, 冰箱","免費停車, 免費高速上網 (WiFi), 免費網際網路, 無線網路, 提供早餐, 允許攜帶寵物 (可帶狗/寵物), 提供上網服務的商務中心, 禁菸飯店, 公用無線網路, 網際網路",,23.476551,120.44329
義興旅館,嘉義排名第 62 的超值住宿地點，共 122 家,https://www.tripadvisor.com.tw/Hotel_Review-g13808399-d2013729-Reviews-Yes_Hotel-West_District_Chiayi.html,23.478513717651367,120.44215393066406,NT$642,西區中正路730號,3.0,嘉義,西區,"NT$804 - NT$1,638",3.0,11,https://media-cdn.tripadvisor.com/media/photo-s/0f/60/fd/7e/caption.jpg,"禁菸客房, 套房, 空調設施, 客房服務","免費停車, 免費高速上網 (WiFi), 免費網際網路, 無線網路, 公用無線網路, 網際網路, 禁菸飯店",,23.478514,120.442154
榮宮大飯店,嘉義排名第 63 的超值住宿地點，共 122 家,https://www.tripadvisor.com.tw/Hotel_Review-g13808399-d7229114-Reviews-Ron_Gong_Hotel-West_District_Chiayi.html,23.475830078125,120.44331359863281,NT$519,西門街77號,,嘉義,西區,"NT$587 - NT$1,267",3.0,10,https://media-cdn.tripadvisor.com/media/partner/bookingcom/photo-s/18/fc/fb/5d/bed.jpg,套房,"免費停車, 免費高速上網 (WiFi), 免費網際網路, 無線網路, 網際網路, 允許攜帶寵物 (可帶狗/寵物)",,23.47583,120.44331
波士頓大飯店,嘉義排名第 64 的超值住宿地點，共 122 家,https://www.tripadvisor.com.tw/Hotel_Review-g13808399-d7133821-Reviews-Boston_Hotel-West_District_Chiayi.html,23.480419158935547,120.46318054199219,NT$606,東區中正路673號,3.0,嘉義,西區,"NT$680 - NT$1,422",3.0,11,https://media-cdn.tripadvisor.com/media/partner/bookingcom/photo-s/19/00/1e/18/bed.jpg,,,,23.48042,120.46318
優仕大飯店,嘉義排名第 65 的超值住宿地點，共 122 家,https://www.tripadvisor.com.tw/Hotel_Review-g13808399-d4473445-Reviews-Unic_Hotel-West_District_Chiayi.html,23.48307991027832,120.43108367919922,"NT$1,458",西區八德路40號,3.0,嘉義,西區,"NT$1,669 - NT$2,967",2.0,1,https://static.tacdn.com/img2/branding/rebrand/TA_brand_logo.png,,,,23.48308,120.43108
金龍海悅大飯店,嘉義排名第 66 的超值住宿地點，共 122 家,https://www.tripadvisor.com.tw/Hotel_Review-g13808399-d1907316-Reviews-Gene_Long_Haiy_Att_Hotel-West_District_Chiayi.html,23.47718048095703,120.44658660888672,NT$736,西區民生北路130號,3.0,嘉義,西區,"NT$742 - NT$2,194",2.5,9,https://media-cdn.tripadvisor.com/media/daodao/photo-s/01/c3/b1/15/caption.jpg,"家庭房, 空調設施","免費高速上網 (WiFi), 免費網際網路, 無線網路, 公用無線網路, 網際網路, 餐廳, 禮賓服務",,23.47718,120.44659
大三通大飯店,嘉義排名第 67 的超值住宿地點，共 122 家,https://www.tripadvisor.com.tw/Hotel_Review-g13808399-d2204877-Reviews-Da_San_Tong_Hotel-West_District_Chiayi.html,23.47797966003418,120.4413070678711,NT$771,中山路621號,3.0,嘉義,西區,"NT$865 - NT$2,194",1.5,6,https://media-cdn.tripadvisor.com/media/photo-s/01/ee/e7/66/caption.jpg,,,,23.47798,120.44131
御花園商務汽車旅館 - 嘉義館,嘉義排名第 68 的超值住宿地點，共 122 家,https://www.tripadvisor.com.tw/Hotel_Review-g13808399-d7659516-Reviews-Royal_Garden_Business_Motel_Chiayi-West_District_Chiayi.html,23.490989685058594,120.42809295654297,"NT$1,905",西區世賢路一段718號,4.0,嘉義,西區,"NT$2,163 - NT$2,565",,,,,,"NT$1,905",23.49099,120.42809
香湖國際大飯店,嘉義排名第 69 的超值住宿地點，共 122 家,https://www.tripadvisor.com.tw/Hotel_Review-g13808399-d2629845-Reviews-Shianghu_Boutique_Hotel-West_District_Chiayi.html,23.479930877685547,120.43589782714844,,友忠路559號,,嘉義,西區,"NT$1,051 - NT$3,245",3.0,6,https://static.tacdn.com/img2/branding/rebrand/TA_brand_logo.png,,,"NT$1,576",23.47993,120.4359
嘉義布袋光影民宿,嘉義排名第 70 的超值住宿地點，共 122 家,https://www.tripadvisor.com.tw/Hotel_Review-g297904-d12171581-Reviews-Light_Shadow_Budai_Chiayi-Chiayi.html,23.481544494628906,120.44915771484375,NT$810,布袋鎮新南路117號,3.0,嘉義,嘉義的特色住宿,"NT$525 - NT$2,225",4.5,3,https://media-cdn.tripadvisor.com/media/photo-s/10/ce/8b/4d/caption.jpg,"家庭房, 空調設施, 衣架, 浴缸/淋浴間, 免費衛浴用品, 吹風機","附近有免費公共停車場, 免費高速上網 (WiFi), 機場接送, 行李存放, 禁菸飯店, 快速辦理入住/退房, 私人辦理入住/退房, 洗衣服務, 路邊停車, 停車, 巴士接駁服務, 共用廚房, 共用休息室/電視區, 日光露台",,,
風箏旅人,嘉義排名第 71 的超值住宿地點，共 122 家,https://www.tripadvisor.com.tw/Hotel_Review-g13808399-d11997745-Reviews-Kite_Hostel-West_District_Chiayi.html,23.465869903564453,120.41693878173828,NT$692,西區文化路195號,,嘉義,西區,"NT$773 - NT$2,380",3.0,7,https://media-cdn.tripadvisor.com/media/partner/bookingcom/photo-s/19/04/0e/e4/location.jpg,,,,23.481544,120.44916
水弄休閒旅館,嘉義排名第 72 的超值住宿地點，共 122 家,https://www.tripadvisor.com.tw/Hotel_Review-g13808399-d15125141-Reviews-Shui_Nong_Motel-West_District_Chiayi.html,23.47484016418457,120.4527587890625,"NT$1,974",大仁街76號,4.0,嘉義,西區,"NT$1,947 - NT$2,936",,,,,,,23.46587,120.41694
拉瓦.宅,嘉義排名第 73 的超值住宿地點，共 122 家,https://www.tripadvisor.com.tw/Hotel_Review-g13806498-d12963052-Reviews-Lawa_House-East_District_Chiayi.html,23.480880737304688,120.44523620605469,NT$728,東區成仁街253號,2.5,嘉義,東區,"NT$804 - NT$2,658",5.0,1,https://media-cdn.tripadvisor.com/media/photo-s/13/d3/45/f6/caption.jpg,空調設施,"免費高速上網 (WiFi), 免費網際網路, 無線網路, 公用無線網路, 網際網路, 自助式洗衣",,23.47484,120.45276
豐賓山莊,嘉義排名第 74 的超值住宿地點，共 122 家,https://www.tripadvisor.com.tw/Hotel_Review-g297904-d4583365-Reviews-Fongbin_Inn-Chiayi.html,23.480419158935547,120.46318054199219,"NT$1,192",阿里山豐山村2鄰21號,,嘉義,嘉義的特色住宿,"NT$1,360 - NT$1,793",1.0,1,https://media-cdn.tripadvisor.com/media/photo-s/0d/d9/c9/58/photo0jpg.jpg,"家庭房, 遮光窗簾, 書桌, 客房服務, 浴缸/淋浴間, 免費衛浴用品, 吹風機","附近有免費私人停車場, 免費高速上網 (WiFi), 餐廳, 卡拉 OK, 允許攜帶寵物 (可帶狗/寵物), 機場接送, 行李存放, 禁菸飯店, 安全停車, 停車, 無線網路, 網際網路, 巴士接駁服務, 快速辦理入住/退房",,,
嘉義慢漫民宿,嘉義排名第 75 的超值住宿地點，共 122 家,https://www.tripadvisor.com.tw/Hotel_Review-g13808399-d13156493-Reviews-Take_Easy_Hostel-West_District_Chiayi.html,23.475740432739258,120.47737121582031,"NT$1,121",西區民生北路245巷23號,3.0,嘉義,西區,"NT$1,267 - NT$1,793",,,,,,,23.48088,120.44524
小房子 背包客棧,嘉義排名第 76 的超值住宿地點，共 122 家,https://www.tripadvisor.com.tw/Hotel_Review-g13806498-d12434884-Reviews-Little_House-East_District_Chiayi.html,23.477449417114258,120.45274353027344,,西區中正路504號,2.0,嘉義,東區,NT$340 - NT$587,5.0,2,https://media-cdn.tripadvisor.com/media/photo-s/18/48/46/da/2f.jpg,,,,23.48042,120.46318
兰潭泛月文旅,嘉義排名第 77 的超值住宿地點，共 122 家,https://www.tripadvisor.com.tw/Hotel_Review-g13806498-d17487488-Reviews-Lantan_Fanyue_Inn-East_District_Chiayi.html,23.485149383544922,120.48149871826172,,潭顶路82号 5楼,2.0,嘉義,東區,"NT$1,669 - NT$3,616",,,,,,,23.47574,120.47737
嘉義市一間老屋旅店,嘉義排名第 78 的超值住宿地點，共 122 家,https://www.tripadvisor.com.tw/Hotel_Review-g13806498-d11911239-Reviews-The_Old_House_Chiayi_B_B-East_District_Chiayi.html,23.482315063476562,120.4500732421875,"NT$1,723",成仁街68巷3號,2.0,嘉義,東區,"NT$1,947 - NT$3,091",,,,,,,23.47745,120.45274
五柳園休閒農場,嘉義排名第 79 的超值住宿地點，共 122 家,https://www.tripadvisor.com.tw/Hotel_Review-g13806498-d17436126-Reviews-Wuliu_Farm_B_B-East_District_Chiayi.html,23.478580474853516,120.44274139404297,"NT$2,618",盧厝44-13號,3.5,嘉義,東區,"NT$2,812 - NT$5,810",,,,,,,23.48515,120.4815
茗苑民宿 ,嘉義排名第 80 的超值住宿地點，共 122 家,https://www.tripadvisor.com.tw/Hotel_Review-g13806498-d2247595-Reviews-Ming_Yang_B_B-East_District_Chiayi.html,23.476640701293945,120.44172668457031,"NT$1,739",竹崎鄉中和村石棹13號,2.5,嘉義,東區,"NT$1,978 - NT$2,751",,,,,,,23.482315,120.45007
永興大旅社,嘉義排名第 81 的超值住宿地點，共 122 家,https://www.tripadvisor.com.tw/Hotel_Review-g13808399-d15012224-Reviews-Yongxing_Inn-West_District_Chiayi.html,23.483339309692383,120.44606018066406,NT$530,中正路710號,3.0,嘉義,西區,"NT$556 - NT$1,854",,,,,,,23.47858,120.44274
真珠大飯店,嘉義排名第 82 的超值住宿地點，共 122 家,https://www.tripadvisor.com.tw/Hotel_Review-g13808399-d17698199-Reviews-Jen_Ju_Hotel-West_District_Chiayi.html,23.475162506103516,120.43829345703125,NT$693,中央第二商場46號,2.0,嘉義,西區,"NT$773 - NT$1,267",,,,,,,23.47664,120.44173
Chiayi Heritage Hotel,嘉義排名第 83 的超值住宿地點，共 122 家,https://www.tripadvisor.com.tw/Hotel_Review-g13808399-d14191771-Reviews-Chiayi_Heritage_Hotel-West_District_Chiayi.html,23.477800369262695,120.44587707519531,,林森西路282號,3.0,嘉義,西區,,,,,,,,23.48334,120.44606
ENIO旅宿小棧,嘉義排名第 84 的超值住宿地點，共 122 家,https://www.tripadvisor.com.tw/Hotel_Review-g13808399-d12122961-Reviews-Enio_Homestay-West_District_Chiayi.html,23.478160858154297,120.44418334960938,,西區民族路875號4樓,3.0,嘉義,西區,,,,,,,,23.475163,120.43829
9i活動休憩空間,嘉義排名第 85 的超值住宿地點，共 122 家,https://www.tripadvisor.com.tw/Hotel_Review-g13806498-d15116496-Reviews-9i_Rest_Space-East_District_Chiayi.html,23.473630905151367,120.4452896118164,,興安街203巷23弄31號,2.0,嘉義,東區,,,,,,,,,
Loft 23.5 旅店,嘉義排名第 86 的超值住宿地點，共 122 家,https://www.tripadvisor.com.tw/Hotel_Review-g13808399-d7950415-Reviews-Loft_23_5_Hostel-West_District_Chiayi.html,23.476890563964844,120.4428482055664,,光彩街568號,2.0,嘉義,西區,,,,,,,,23.4778,120.44588
Megmeg,嘉義排名第 87 的超值住宿地點，共 122 家,https://www.tripadvisor.com.tw/Hotel_Review-g13808399-d17690002-Reviews-Megmeg-West_District_Chiayi.html,23.477779388427734,120.42878723144531,,新榮路30之4號,2.0,嘉義,西區,,,,,,,,23.47816,120.44418
stanley阿里山背包客栈,嘉義排名第 88 的超值住宿地點，共 122 家,https://www.tripadvisor.com.tw/Hotel_Review-g13808399-d15116649-Reviews-Stanley_Alishan_Backpackers-West_District_Chiayi.html,,,,垂楊路574號,,嘉義,西區,NT$433 - NT$742,,,,,,,23.47363,120.44529
晃拾光,嘉義排名第 89 的超值住宿地點，共 122 家,https://www.tripadvisor.com.tw/Hotel_Review-g13808399-d13148961-Reviews-Fun_Time_Hostel-West_District_Chiayi.html,,,,西區蘭井街342號,2.0,嘉義,西區,,,,,,,,23.47689,120.44285
財屋民宿,嘉義排名第 90 的超值住宿地點，共 122 家,https://www.tripadvisor.com.tw/Hotel_Review-g13808399-d9747716-Reviews-Fortune_Home-West_District_Chiayi.html,,,,高鐵大道133號,2.0,嘉義,西區,,,,,,,,23.47778,120.42879
嘉義 享嘉,嘉義排名第 11 的民宿，共 28 家,https://www.tripadvisor.com.tw/Hotel_Review-g13808399-d6839530-Reviews-Enjoyhouse-West_District_Chiayi.html,,,,西區時賢路二段612號,3.5,嘉義,西區,,,,,套房,免費停車,,23.46661,120.42451
容園民宿,嘉義排名第 12 的民宿，共 28 家,https://www.tripadvisor.com.tw/Hotel_Review-g13808399-d9755628-Reviews-Rongyuan_Homestay-West_District_Chiayi.html,,,,嘉義市文化路195號,3.0,嘉義,西區,"NT$500 - NT$6,000",4.0,2,https://media-cdn.tripadvisor.com/media/photo-s/0a/91/90/5a/getlstd-property-photo.jpg,免費高速上網 (WiFi),,,23.481497,120.44913
阿里山力行山莊,嘉義排名第 13 的民宿，共 28 家,https://www.tripadvisor.com.tw/Hotel_Review-g13806498-d10006225-Reviews-Lixing_Shanzhuang-East_District_Chiayi.html,,,,中正村38號,4.0,嘉義,東區,,,,,,,,23.48015,120.46119
二通六七二,嘉義排名第 58 的飯店，共 69 家,https://www.tripadvisor.com.tw/Hotel_Review-g13808399-d7261925-Reviews-Niton_672-West_District_Chiayi.html,,,,中正路672號,2.0,嘉義,西區,,,,,,,,23.4786,120.44353
加倍幸福屋民宿,嘉義排名第 22 的飯店，共 69 家,https://www.tripadvisor.com.tw/Hotel_Review-g13808399-d8815468-Reviews-Jiabei_Xingfewu_B_B-West_District_Chiayi.html,,,,撫順三街9號,4.0,嘉義,西區,,,,,套房,"免費停車, 免費高速上網 (WiFi), 免費網際網路, 無線網路, 網際網路, 免費早餐",,23.489443,120.44064
老店風情 ,嘉義排名第 4 的民宿，共 28 家,https://www.tripadvisor.com.tw/Hotel_Review-g13806498-d2273634-Reviews-Laodian_Fengqing-East_District_Chiayi.html,,,,梅山鄉瑞里村10之1號 ,4.0,嘉義,東區,,,,,,,,23.48832,120.46081
東西小徑,嘉義排名第 7 的民宿，共 28 家,https://www.tripadvisor.com.tw/Hotel_Review-g13806498-d13201174-Reviews-Esat_West_Alley_Hostel-East_District_Chiayi.html,,,,西區康樂街54巷1號,2.0,嘉義,東區,,,,,,,,23.47542,120.45334
東鈺民宿 ,嘉義排名第 13 的特色住宿，共 25 家,https://www.tripadvisor.com.tw/Hotel_Review-g13806498-d2247607-Reviews-Dongyu-East_District_Chiayi.html,,,,竹崎鄉中和村石卓4-1號 ,4.0,嘉義,東區,,,,,,,,23.51337,120.44336
空島露營區,嘉義排名第 61 的飯店，共 69 家,https://www.tripadvisor.com.tw/Hotel_Review-g297904-d12083372-Reviews-Island_Empty_Campground-Chiayi.html,,,,中埔鄉三層村崎頭仔7號,2.0,嘉義,嘉義的特色住宿,,,,,,,,,
